Driven Brands - MSO,,,,,,,,,,,,,,
Parts Status - CarStar,,,,,,,,,,,,,,
As of: Today (5/10/2024),,,,,,,,,,,,,,
Locations: CARSTAR CITY AUTO BODY,,,,,,,,,,,,,,
"Filters: Estimator: All, Insurance Company: All, Vendor: All, Part Type: All, Part Status: All, RO Status: All",,,,,,,,,,,,,,
"Sorted By: Repair Order Information (ASC), Line (ASC)",,,,,,,,,,,,,,
,,,,,,,,,,,,,,
      RO Number,      Line,      Part Number,      Part Description,      Part Type,      Vendor Name,      RO Qty,      Ordered Qty,      Ordered Date,      Expected Delivery,      Received Qty,      Invoice Date,      Returned Qty,,
1000,0,5202106130,reinforcement sub,OEM,Simi Valley Toyota - 15678,0,0,,,1,4/28/2023 12:00:00 AM,1,,
1000,2,112980V342,"Emission label 2.5 liter, w/o LE Federal",OEM,Simi Valley Toyota - 15678,1,0,,,1,4/20/2023 12:00:00 AM,0,,
1000,5,5311206260,Lower grille w/o sport mesh,OEM,Simi Valley Toyota - 15678,1,0,,,1,4/20/2023 12:00:00 AM,0,,
1000,6,5211907912,Bumper cover,OEM,Simi Valley Toyota - 15678,1,0,,,1,4/20/2023 12:00:00 AM,0,,
1000,8,TO1068129,License bracket w/o sport mesh lower grille,Aftermarket,Keystone - Complete - Santa Fe Springs - 3,1,1,4/19/2023 10:20:42 AM,4/25/2023 12:00:00 AM,1,4/20/2023 12:00:00 AM,0,,
1000,9,5261106380,Absorber,OEM,Simi Valley Toyota - 15678,1,0,,,1,4/20/2023 12:00:00 AM,0,,
1000,10,5253606190,LT Side support,OEM,Simi Valley Toyota - 15678,1,0,,,1,4/20/2023 12:00:00 AM,0,,
1000,11,5253506190,RT Side support,OEM,Simi Valley Toyota - 15678,1,0,,,1,4/20/2023 12:00:00 AM,0,,
1000,12,5202106130,Impact bar (UHS),LKQ,LIN'S AUTO DISMANTLING - 15678,1,0,,,1,4/27/2023 12:00:00 AM,0,,
1000,13,5720806011,Spacer,OEM,Simi Valley Toyota - 15678,1,0,,,1,4/20/2023 12:00:00 AM,0,,
1000,14,8879006010,Air temp sensor,OEM,Simi Valley Toyota - 15678,1,0,,,1,4/20/2023 12:00:00 AM,0,,
1000,15,5387906100,RT Bumper cover retainer,OEM,Simi Valley Toyota - 15678,1,0,,,1,4/20/2023 12:00:00 AM,0,,
1000,16,5387906100,LT Bumper cover retainer,OEM,Simi Valley Toyota - 15678,1,0,,,1,4/20/2023 12:00:00 AM,0,,
1000,17,9046705090B1,RT Bumper cover clip,OEM,Simi Valley Toyota - 15678,10,0,,,10,4/20/2023 12:00:00 AM,0,,
1000,18,9046705090B1,LT Bumper cover clip,OEM,Simi Valley Toyota - 15678,10,0,,,10,4/20/2023 12:00:00 AM,0,,
1000,19,4774906010,RT Bumper cover fastener,OEM,Simi Valley Toyota - 15678,1,0,,,1,4/20/2023 12:00:00 AM,0,,
1000,20,4774906010,LT Bumper cover fastener,OEM,Simi Valley Toyota - 15678,1,0,,,1,4/20/2023 12:00:00 AM,0,,
1000,21,9018906193,Bumper cover grommet,OEM,Simi Valley Toyota - 15678,7,0,,,7,4/20/2023 12:00:00 AM,0,,
1000,23,5310106913,"Grille LE, XLE",Aftermarket,Keystone - Complete - Santa Fe Springs - 3,1,1,4/19/2023 10:20:42 AM,4/25/2023 12:00:00 AM,1,4/20/2023 12:00:00 AM,0,,
1000,24,7531006010,Emblem w/o precrash,OEM,Simi Valley Toyota - 15678,1,0,,,1,4/20/2023 12:00:00 AM,0,,
1000,26,8111006860,RT Headlamp assy w/o black sport trim,OEM,Simi Valley Toyota - 15678,1,0,,,1,4/20/2023 12:00:00 AM,0,,
1000,28,8115006860,LT Headlamp assy w/o black sport trim,OEM,Simi Valley Toyota - 15678,1,0,,,1,4/20/2023 12:00:00 AM,0,,
1000,29,8151006050,RT Daytime run lamp,OEM,Simi Valley Toyota - 15678,1,0,,,1,4/20/2023 12:00:00 AM,0,,
1000,30,8152006050,LT Daytime run lamp,OEM,Simi Valley Toyota - 15678,1,0,,,1,4/20/2023 12:00:00 AM,0,,
1000,32,5320806150,Latch support,OEM,Simi Valley Toyota - 15678,1,0,,,1,4/20/2023 12:00:00 AM,0,,
1000,34,SHETOCAMR15-99D-2,RT Deflector,Aftermarket,Keystone - Complete - Santa Fe Springs - 3,1,1,4/19/2023 10:20:42 AM,4/25/2023 12:00:00 AM,1,4/20/2023 12:00:00 AM,0,,
1000,35,5329406340,LT Deflector,OEM,Simi Valley Toyota - 15678,1,0,,,1,4/20/2023 12:00:00 AM,0,,
1000,36,5329506130,Sight shield,OEM,Simi Valley Toyota - 15678,1,0,,,1,4/20/2023 12:00:00 AM,0,,
1000,37,5144206210,LT Under cover,OEM,Simi Valley Toyota - 15678,1,0,,,1,4/20/2023 12:00:00 AM,0,,
1000,40,9046707211,Sight shield clip,OEM,Simi Valley Toyota - 15678,9,0,,,9,4/20/2023 12:00:00 AM,0,,
1000,41,5144106220,RT Under cover,OEM,Simi Valley Toyota - 15678,1,0,,,1,4/20/2023 12:00:00 AM,0,,
1000,43,RAD13269,Radiator MVP,Aftermarket,1-800-Radiator Cal South - 15678,1,0,,,1,4/26/2023 12:00:00 AM,0,,
1000,45,PC3995P,Condenser assy OEM,Aftermarket,Keystone - Complete - Santa Fe Springs - 3,1,1,4/19/2023 10:20:42 AM,4/25/2023 12:00:00 AM,1,4/20/2023 12:00:00 AM,0,,
1000,49,5330106160,Hood,OEM,Simi Valley Toyota - 15678,1,0,,,1,4/20/2023 12:00:00 AM,0,,
1000,53,P75927,RT Hinge,Aftermarket,Keystone - Complete - Santa Fe Springs - 3,1,1,4/19/2023 10:20:42 AM,4/25/2023 12:00:00 AM,1,4/24/2023 12:00:00 AM,0,,
1000,54,P75928,LT Hinge,Aftermarket,Keystone - Complete - Santa Fe Springs - 3,1,1,4/19/2023 10:20:42 AM,4/25/2023 12:00:00 AM,1,4/20/2023 12:00:00 AM,0,,
1000,56,5351006280,Latch assy w/o anti-theft,OEM,Simi Valley Toyota - 15678,1,0,,,1,4/20/2023 12:00:00 AM,0,,
1000,57,90467A0003,Insulator clip,OEM,Simi Valley Toyota - 15678,7,0,,,7,4/20/2023 12:00:00 AM,0,,
1000,58,5344006091,RT Support cylinder,OEM,,1,0,,,0,,0,,
1000,59,5345006081,LT Support cylinder,OEM,,1,0,,,0,,0,,
1000,61,5381106200,RT Fender,OEM,Simi Valley Toyota - 15678,1,0,,,1,4/20/2023 12:00:00 AM,0,,
1000,67,90189A0002,RT Fender liner grommet type 1,OEM,Simi Valley Toyota - 15678,2,0,,,2,4/20/2023 12:00:00 AM,0,,
1000,68,90189A0002,LT Fender liner grommet type 1,OEM,Simi Valley Toyota - 15678,2,0,,,2,4/20/2023 12:00:00 AM,0,,
1000,69,90189A0011,RT Fender liner grommet type 2,OEM,Simi Valley Toyota - 15678,1,0,,,1,4/20/2023 12:00:00 AM,0,,
1000,70,90189A0011,LT Fender liner grommet type 2,OEM,Simi Valley Toyota - 15678,1,0,,,1,4/20/2023 12:00:00 AM,0,,
1000,71,TO1244107,LT Front bracket,Aftermarket,Keystone - Complete - Santa Fe Springs - 3,1,1,4/19/2023 10:20:42 AM,4/25/2023 12:00:00 AM,1,4/25/2023 12:00:00 AM,0,,
1000,74,9046707166,LT Fender liner clip,OEM,Simi Valley Toyota - 15678,4,0,,,4,4/20/2023 12:00:00 AM,0,,
1000,75,9046707166,RT Fender liner clip,OEM,Simi Valley Toyota - 15678,4,0,,,4,4/20/2023 12:00:00 AM,0,,
1000,76,5381206210,LT Fender,OEM,Simi Valley Toyota - 15678,1,0,,,1,4/20/2023 12:00:00 AM,0,,
1000,83,4260206070,LT/Front Wheel cover type 1,OEM,,1,0,,,0,,0,,
1000,84,4260206070,RT/Front Wheel cover type 1,OEM,,1,0,,,0,,0,,
1004,0,08200-9008,ATF FLUID - VAN - SPURRIER,OEM,1ST HONDA - 15678,0,0,,,1,10/20/2023 12:00:00 AM,0,,
1004,0,08200hcf2,fluid,OEM,1ST HONDA - 15678,0,0,,,4,6/16/2023 12:00:00 AM,0,,
1004,0,15810-rna-a01,valve assy,OEM,1ST HONDA - 15678,0,0,,,1,9/19/2023 12:00:00 AM,0,,
1004,0,18307TYRA51,MUFFLER - IOU - CITY,OEM,1ST HONDA - 15678,0,0,,,1,7/12/2023 12:00:00 AM,0,,
1004,0,30530PRC003,SENSOR ASSY,OEM,1ST HONDA - 15678,0,0,,,1,1/11/2024 12:00:00 AM,0,,
1004,0,311005a2a02,alterna,OEM,1ST HONDA - 15678,0,0,,,1,4/12/2024 12:00:00 AM,0,,
1004,0,31500sl5100m,battery,OEM,1ST HONDA - 15678,0,0,,,1,4/9/2024 12:00:00 AM,0,,
1004,0,42700tvaa93,return,OEM,1ST HONDA - 15678,0,0,,,1,6/1/2023 12:00:00 AM,1,,
1004,0,43022TVAA51,PAD SET,OEM,1ST HONDA - 15678,0,0,,,1,3/20/2024 12:00:00 AM,0,,
1004,0,45022-S9V-A02,"SET, PAD FRONT",OEM,1ST HONDA - 15678,0,0,,,1,3/11/2024 12:00:00 AM,0,,
1004,0,45022thra02,pad,OEM,1ST HONDA - 15678,0,0,,,1,3/14/2024 12:00:00 AM,0,,
1004,0,45251tk8a02,disk,OEM,1ST HONDA - 15678,0,0,,,2,3/14/2024 12:00:00 AM,0,,
1004,0,51350-TOA-A02,KOUROUNIS - LOWER ARM,OEM,1ST HONDA - 15678,0,0,,,1,10/4/2023 12:00:00 AM,0,,
1004,0,51350thra10,arm,OEM,1ST HONDA - 15678,0,0,,,1,3/14/2024 12:00:00 AM,0,,
1004,0,51360-TOA-A02,KOUROUNIS - LOWER ARM,OEM,1ST HONDA - 15678,0,0,,,1,9/27/2023 12:00:00 AM,0,,
1004,0,51360thra10,arm,OEM,1ST HONDA - 15678,0,0,,,1,3/14/2024 12:00:00 AM,0,,
1004,0,71125tvaf00,cover,OEM,1ST HONDA - 15678,0,0,,,1,4/26/2024 12:00:00 AM,0,,
1004,0,74592t0aa01,for return,OEM,1ST HONDA - 15678,0,0,,,1,5/11/2023 12:00:00 AM,1,,
1004,0,CITY,CITY FILE,OEM,1ST HONDA - 15678,0,0,,,2,5/9/2023 12:00:00 AM,0,,
1004,0,core,core,OEM,1ST HONDA - 15678,0,0,,,1,4/9/2024 12:00:00 AM,1,,
1004,0,core return,return,OEM,1ST HONDA - 15678,0,0,,,1,6/1/2023 12:00:00 AM,1,,
1004,0,KECR2032-1,REMOTE BAT,OEM,1ST HONDA - 15678,0,0,,,1,3/11/2024 12:00:00 AM,0,,
1004,0,MECH,MECH JOB,OEM,1ST HONDA - 15678,0,0,,,1,10/19/2023 12:00:00 AM,0,,
1004,0,PARTS,BRIAN BODYMAN,OEM,1ST HONDA - 15678,0,0,,,1,5/9/2023 12:00:00 AM,0,,
1004,0,TRAM,TRAM INVOICE,OEM,1ST HONDA - 15678,0,0,,,1,5/5/2023 12:00:00 AM,0,,
1004,0,VAN,VAN,OEM,1ST HONDA - 15678,0,0,,,1,5/2/2023 12:00:00 AM,0,,
1004,0,,CORE,OEM,1ST KIA - 15678,0,0,,,1,11/7/2023 12:00:00 AM,1,,
1004,0,25500-2GGA0,THERMOSTAT,OEM,1ST KIA - 15678,0,0,,,1,2/16/2024 12:00:00 AM,0,,
1004,0,37110-H600U,BATTERY,OEM,1ST KIA - 15678,0,0,,,1,11/7/2023 12:00:00 AM,0,,
1004,0,81230-D4000,TIM AIRTIGHT LATCH,OEM,1ST KIA - 15678,0,0,,,1,9/11/2023 12:00:00 AM,0,,
1004,0,863111u700,emblem return,OEM,1ST KIA - 15678,0,0,,,1,11/17/2023 12:00:00 AM,1,,
1004,0,86511-B2000,FR B COVER,OEM,1ST KIA - 15678,0,0,,,1,4/10/2024 12:00:00 AM,1,,
1004,0,866101u510,bumper return,OEM,1ST KIA - 15678,0,0,,,1,11/17/2023 12:00:00 AM,1,,
1004,0,87742D9000,GARNISH,OEM,1ST KIA - 15678,0,0,,,1,1/16/2024 12:00:00 AM,0,,
1004,0,MURPHY,MAP SENSOR,OEM,1ST KIA - 15678,0,0,,,1,5/9/2023 12:00:00 AM,0,,
1004,0,um020ch2263,coolant,OEM,1ST KIA - 15678,0,0,,,2,10/6/2023 12:00:00 AM,0,,
1004,0,um022ch271,coolant,OEM,1ST KIA - 15678,0,0,,,2,10/6/2023 12:00:00 AM,0,,
1004,0,015150009u,rivet return,OEM,1ST NISSAN - 15678,0,0,,,3,10/6/2023 12:00:00 AM,3,,
1004,0,11026ja00a,washer,OEM,1ST NISSAN - 15678,0,0,,,1,7/10/2023 12:00:00 AM,0,,
1004,0,11210JA000,INSULATR,OEM,1ST NISSAN - 15678,0,0,,,1,4/24/2024 12:00:00 AM,0,,
1004,0,113503TA0B,ROD,OEM,1ST NISSAN - 15678,0,0,,,1,4/24/2024 12:00:00 AM,0,,
1004,0,140360m200,gasket,OEM,1ST NISSAN - 15678,0,0,,,2,9/15/2023 12:00:00 AM,0,,
1004,0,1520865f0e,filter,OEM,1ST NISSAN - 15678,0,0,,,1,5/3/2024 12:00:00 AM,0,,
1004,0,1520865f9e,oil filter,OEM,1ST NISSAN - 15678,0,0,,,1,7/10/2023 12:00:00 AM,0,,
1004,0,2069119b0a,gasket,OEM,1ST NISSAN - 15678,0,0,,,2,9/15/2023 12:00:00 AM,0,,
1004,0,206928b410,gasket return,OEM,1ST NISSAN - 15678,0,0,,,1,6/28/2023 12:00:00 AM,1,,
1004,0,208135m020,gasket,OEM,1ST NISSAN - 15678,0,0,,,1,9/15/2023 12:00:00 AM,0,,
1004,0,23731-6J90D,CAMSHAFT,OEM,1ST NISSAN - 15678,0,0,,,1,3/26/2024 12:00:00 AM,0,,
1004,0,27277-3JC1C,AIR FILTER,OEM,1ST NISSAN - 15678,0,0,,,1,11/29/2023 12:00:00 AM,0,,
1004,0,307709B410,CLUTCH CABLE,OEM,1ST NISSAN - 15678,0,0,,,1,5/9/2023 12:00:00 AM,0,,
1004,0,432064BT0B,ROTORS,OEM,1ST NISSAN - 15678,0,0,,,2,1/2/2024 12:00:00 AM,2,,
1004,0,62022-6CA0H,BUMPER - KEYSTONE WARRANTY,OEM,1ST NISSAN - 15678,0,0,,,1,7/12/2023 12:00:00 AM,0,,
1004,0,622566ca0a,finisher mold,OEM,1ST NISSAN - 15678,0,0,,,1,7/6/2023 12:00:00 AM,0,,
1004,0,76848az100,screw,OEM,1ST NISSAN - 15678,0,0,,,5,6/5/2023 12:00:00 AM,5,,
1004,0,84890-6LB0A,VASQUEZ - SENTRA SHOP PAY,OEM,1ST NISSAN - 15678,0,0,,,1,9/12/2023 12:00:00 AM,0,,
1004,0,D40604CU2A,BRAKE KIT,OEM,1ST NISSAN - 15678,0,0,,,1,1/3/2024 12:00:00 AM,1,,
1004,0,D4M60-9N00B,PAD KIT,OEM,1ST NISSAN - 15678,0,0,,,1,11/29/2023 12:00:00 AM,0,,
1004,0,19421240,n-fluid,OEM,ALEXANDER GMC - 15678,0,0,,,8,6/29/2023 12:00:00 AM,0,,
1004,0,39250-2B000,Sensor return,OEM,Alexander Hyundai of Oxnard - 15678,0,0,,,1,12/6/2023 12:00:00 AM,1,,
1004,0,85201D3640,SUNVISOR,OEM,Alexander Hyundai of Oxnard - 15678,0,0,,,1,1/8/2024 12:00:00 AM,1,,
1004,0,865512s000,bracket,OEM,Alexander Hyundai of Oxnard - 15678,0,0,,,1,10/31/2023 12:00:00 AM,1,,
1004,0,865522s000,bracket,OEM,Alexander Hyundai of Oxnard - 15678,0,0,,,1,10/31/2023 12:00:00 AM,1,,
1004,0,11602522,clips,OEM,ANTELOPE VALLEY CHEVROLET - 15678,0,0,,,4,6/29/2023 12:00:00 AM,0,,
1004,0,19388167,wiper,OEM,ANTELOPE VALLEY CHEVROLET - 15678,0,0,,,1,10/6/2023 12:00:00 AM,0,,
1004,0,19388173,wiper,OEM,ANTELOPE VALLEY CHEVROLET - 15678,0,0,,,1,10/6/2023 12:00:00 AM,0,,
1004,0,22806381,pdwh bar return,OEM,ANTELOPE VALLEY CHEVROLET - 15678,0,0,,,1,11/15/2023 12:00:00 AM,1,,
1004,0,84291967,molding return,OEM,ANTELOPE VALLEY CHEVROLET - 15678,0,0,,,1,11/30/2023 12:00:00 AM,1,,
1004,0,85632549,SEAT BELT - MIGUEL,OEM,ANTELOPE VALLEY CHEVROLET - 15678,0,0,,,1,4/23/2024 12:00:00 AM,0,,
1004,0,85661327,402d guide,OEM,ANTELOPE VALLEY CHEVROLET - 15678,0,0,,,1,7/25/2023 12:00:00 AM,1,,
1004,0,92139150,rivet,OEM,ANTELOPE VALLEY CHEVROLET - 15678,0,0,,,1,12/26/2023 12:00:00 AM,1,,
1004,0,fuse,250A HICUfuse,OEM,Autozone - 15678,0,0,,,1,7/11/2023 12:00:00 AM,0,,
1004,0,h7,halogen bulb,OEM,Autozone - 15678,0,0,,,1,4/27/2023 12:00:00 AM,0,,
1004,0,4w,4w,Sublet,BIG BRAND - 15678,0,0,,,1,2/29/2024 12:00:00 AM,0,,
1004,0,4w alignment,4 wheel alignment,OEM,BIG BRAND - 15678,0,0,,,1,4/27/2023 12:00:00 AM,0,,
1004,0,4WA - KOUROUNIS,4 WHEEL,Sublet,BIG BRAND - 15678,0,0,,,1,10/6/2023 12:00:00 AM,0,,
1004,0,4wh,4w,Sublet,BIG BRAND - 15678,0,0,,,1,2/29/2024 12:00:00 AM,0,,
1004,0,chr redo,4 wheel,Sublet,BIG BRAND - 15678,0,0,,,1,4/1/2024 12:00:00 AM,0,,
1004,0,depew,4 wheel,Sublet,BIG BRAND - 15678,0,0,,,1,3/25/2024 12:00:00 AM,0,,
1004,0,taco,4 wheel,Sublet,BIG BRAND - 15678,0,0,,,1,4/3/2024 12:00:00 AM,1,,
1004,0,,lift support,OEM,FAST UNDER CAR - 15678,0,0,,,1,2/6/2024 12:00:00 AM,1,,
1004,0,633122001181,ct atf mercon,OEM,FAST UNDER CAR - 15678,0,0,,,1,5/17/2023 12:00:00 AM,0,,
1004,0,core,core,Aftermarket,FAST UNDER CAR - 15678,0,0,,,2,10/10/2023 12:00:00 AM,1,,
1004,0,jerry parts,pads filter,Aftermarket,FAST UNDER CAR - 15678,0,0,,,1,10/10/2023 12:00:00 AM,0,,
1004,0,jims parts,injector,Aftermarket,FAST UNDER CAR - 15678,0,0,,,1,10/5/2023 12:00:00 AM,0,,
1004,0,pc5667,filter,Aftermarket,FAST UNDER CAR - 15678,0,0,,,1,3/20/2024 12:00:00 AM,0,,
1004,0,PGI PA5669,AIRFILTER PNL,OEM,FAST UNDER CAR - 15678,0,0,,,1,2/7/2024 12:00:00 AM,0,,
1004,0,pgi pa9909,airfilter,OEM,FAST UNDER CAR - 15678,0,0,,,1,2/14/2024 12:00:00 AM,0,,
1004,0,rad,tim,Aftermarket,FAST UNDER CAR - 15678,0,0,,,1,4/17/2024 12:00:00 AM,0,,
1004,0,RETURN,OIL SEAL,OEM,FAST UNDER CAR - 15678,0,0,,,1,1/29/2024 12:00:00 AM,1,,
1004,0,TIM 510003,BALL BEARING,OEM,FAST UNDER CAR - 15678,0,0,,,1,2/7/2024 12:00:00 AM,0,,
1004,0,6R3Z63424C32A,PIN LOCATING,OEM,GALPIN HONDA - 15678,0,0,,,2,4/11/2024 12:00:00 AM,0,,
1004,0,71180tbak50,garnish,OEM,GALPIN HONDA - 15678,0,0,,,1,12/29/2023 12:00:00 AM,1,,
1004,0,72950tvaa01,belt molding,OEM,GALPIN HONDA - 15678,0,0,,,1,2/14/2024 12:00:00 AM,0,,
1004,0,74117T90A00,UPPER COVER,OEM,GALPIN HONDA - 15678,0,0,,,1,4/30/2024 12:00:00 AM,0,,
1004,0,74166tg7a00,plate,OEM,GALPIN HONDA - 15678,0,0,,,1,11/13/2023 12:00:00 AM,1,,
1004,0,77930tbab21,sensor return,OEM,GALPIN HONDA - 15678,0,0,,,1,9/14/2023 12:00:00 AM,1,,
1004,0,W712314S300,NUT WING,OEM,GALPIN HONDA - 15678,0,0,,,2,4/11/2024 12:00:00 AM,0,,
1004,0,11200,battery,OEM,GALPIN MOTOR - 15678,0,0,,,2,10/19/2023 12:00:00 AM,0,,
1004,0,71129SXSA01,MOLDING FRONT,OEM,GALPIN MOTOR - 15678,0,0,,,1,4/2/2024 12:00:00 AM,1,,
1004,0,CE4361J14,EXPANSION VALVE,OEM,GALPIN MOTOR - 15678,0,0,,,1,4/22/2024 12:00:00 AM,0,,
1004,0,EU2Z1V125A,ROTOR ASSY,OEM,GALPIN MOTOR - 15678,0,0,,,1,11/27/2023 12:00:00 AM,0,,
1004,0,GB5Z2001B,BRAKE LINING KIT,OEM,GALPIN MOTOR - 15678,0,0,,,1,11/27/2023 12:00:00 AM,0,,
1004,0,l3k914420a,valve,OEM,GALPIN MOTOR - 15678,0,0,,,1,9/29/2023 12:00:00 AM,1,,
1004,0,NC1050341D,SHIELD,OEM,GALPIN MOTOR - 15678,0,0,,,1,1/24/2024 12:00:00 AM,0,,
1004,0,NC10515H0A,REFLECTOR,OEM,GALPIN MOTOR - 15678,0,0,,,1,1/17/2024 12:00:00 AM,0,,
1004,0,NC1051711,ORNAMENT,OEM,GALPIN MOTOR - 15678,0,0,,,1,1/24/2024 12:00:00 AM,0,,
1004,0,NC1056131F,GUARD,OEM,GALPIN MOTOR - 15678,0,0,,,2,1/22/2024 12:00:00 AM,0,,
1004,0,81248-B1000,TRUNK LID COVER,OEM,Genesis of Westlake Village - 15678,0,0,,,1,4/3/2024 12:00:00 AM,1,,
1004,0,acd 10-9289,oil,OEM,H&H Wholesale Parts - 15678,0,0,,,6,7/12/2023 12:00:00 AM,0,,
1004,0,acd 10-9289,oil. synthetic,OEM,H&H Wholesale Parts - 15678,0,0,,,48,5/15/2023 12:00:00 AM,0,,
1004,0,oem antifreeze,antifreeze,OEM,H&H Wholesale Parts - 15678,0,0,,,4,7/28/2023 12:00:00 AM,0,,
1004,0,15400plma02,filter,OEM,Honda of Thousand Oaks - 15678,0,0,,,2,6/2/2023 12:00:00 AM,0,,
1004,0,31500sr1-100m,battery,OEM,Honda of Thousand Oaks - 15678,0,0,,,1,5/10/2023 12:00:00 AM,0,,
1004,0,34250s5pa01zd,light ass. return,OEM,Honda of Thousand Oaks - 15678,0,0,,,1,9/26/2023 12:00:00 AM,1,,
1004,0,43022tz5a11,"set, rr pad",OEM,Honda of Thousand Oaks - 15678,0,0,,,1,5/16/2023 12:00:00 AM,0,,
1004,0,45022thra02,pad set,OEM,Honda of Thousand Oaks - 15678,0,0,,,1,5/16/2023 12:00:00 AM,0,,
1004,0,50200tbaa14,subframe return,OEM,Honda of Thousand Oaks - 15678,0,0,,,1,12/6/2023 12:00:00 AM,1,,
1004,0,71103swa000,garnish,OEM,Honda of Thousand Oaks - 15678,0,0,,,1,7/6/2023 12:00:00 AM,1,,
1004,0,71108swa000,garnish,OEM,Honda of Thousand Oaks - 15678,0,0,,,1,7/6/2023 12:00:00 AM,1,,
1004,0,71193TBAA00,SPACER,OEM,Honda of Thousand Oaks - 15678,0,0,,,1,3/6/2024 12:00:00 AM,1,,
1004,0,71310TWAA50,BRACKET,OEM,Honda of Thousand Oaks - 15678,0,0,,,1,12/5/2023 12:00:00 AM,1,,
1004,0,71593-t3l-a01,return,OEM,Honda of Thousand Oaks - 15678,0,0,,,1,1/18/2024 12:00:00 AM,1,,
1004,0,71598tbga00,part return,OEM,Honda of Thousand Oaks - 15678,0,0,,,1,6/27/2023 12:00:00 AM,1,,
1004,0,73860tbga11,part return,OEM,Honda of Thousand Oaks - 15678,0,0,,,1,6/27/2023 12:00:00 AM,1,,
1004,0,74155tr0a10,enclosure return,OEM,Honda of Thousand Oaks - 15678,0,0,,,1,12/1/2023 12:00:00 AM,1,,
1004,0,74590tlaa50,fender liner,OEM,Honda of Thousand Oaks - 15678,0,0,,,1,10/13/2023 12:00:00 AM,1,,
1004,0,75450trnh02,outlet,OEM,Honda of Thousand Oaks - 15678,0,0,,,1,10/26/2023 12:00:00 AM,1,,
1004,0,9410914000,washer,OEM,Honda of Thousand Oaks - 15678,0,0,,,2,6/2/2023 12:00:00 AM,0,,
1004,0,core,battery core,OEM,Honda of Thousand Oaks - 15678,0,0,,,1,5/10/2023 12:00:00 AM,1,,
1004,0,haz oil,hazard oil charge,OEM,Honda of Thousand Oaks - 15678,0,0,,,1,6/2/2023 12:00:00 AM,0,,
1004,0,part return,extension,OEM,Honda of Thousand Oaks - 15678,0,0,,,1,7/12/2023 12:00:00 AM,1,,
1004,0,964011nc0a,sunvisor return,OEM,INFINITI OF THOUSAND OAKS - 15678,0,0,,,1,10/9/2023 12:00:00 AM,1,,
1004,0,TIRE,CHAD'S FATHER IN LAW,Aftermarket,Jim's Tire Center - 15678,0,0,,,1,3/21/2024 12:00:00 AM,0,,
1004,0,tires,shop truck,Aftermarket,Jim's Tire Center - 15678,0,0,,,1,3/11/2024 12:00:00 AM,0,,
1004,0,white truck,tires,Aftermarket,Jim's Tire Center - 15678,0,0,,,1,4/3/2024 12:00:00 AM,0,,
1004,0,5215553040,support,OEM,KEYES LEXUS (Lithia) - 15678,0,0,,,1,8/3/2023 12:00:00 AM,1,,
1004,0,5215753040,support,OEM,KEYES LEXUS (Lithia) - 15678,0,0,,,1,8/3/2023 12:00:00 AM,0,,
1004,0,5216153904,"piece, rr",OEM,KEYES LEXUS (Lithia) - 15678,0,0,,,1,8/3/2023 12:00:00 AM,0,,
1004,0,5256253010,retainer,OEM,KEYES LEXUS (Lithia) - 15678,0,0,,,1,8/3/2023 12:00:00 AM,0,,
1004,0,85418C1000,CLIP,OEM,KEYES LEXUS (Lithia) - 15678,0,0,,,4,12/22/2023 12:00:00 AM,4,,
1004,0,96210C2100Y8S,ANTENNA,OEM,KEYES LEXUS (Lithia) - 15678,0,0,,,1,12/22/2023 12:00:00 AM,1,,
1004,0,52576-12180,RETAINER - SONNY,OEM,KEYES TOYOTA - 15678,0,0,,,1,2/21/2024 12:00:00 AM,0,,
1004,0,fo1820100,RD HNDLOUT,Aftermarket,Keystone - Complete - Santa Fe Springs - 3,0,0,,,1,5/19/2023 12:00:00 AM,1,,
1004,0,GUNIWHEEL45,TIRE AND WHEEL,Aftermarket,Keystone - Complete - Santa Fe Springs - 3,0,0,,,1,1/2/2024 12:00:00 AM,0,,
1004,0,GUNIWHEEL46,TIRE AND WHEEL,Aftermarket,Keystone - Complete - Santa Fe Springs - 3,0,0,,,1,1/2/2024 12:00:00 AM,0,,
1004,0,hy1249133c,fenderliner,Aftermarket,Keystone - Complete - Santa Fe Springs - 3,0,0,,,1,10/27/2023 12:00:00 AM,1,,
1004,0,IN2592108C,FOG LAMP,Aftermarket,Keystone - Complete - Santa Fe Springs - 3,0,0,,,1,3/27/2024 12:00:00 AM,1,,
1004,0,lx1241138c,fender return,Aftermarket,Keystone - Complete - Santa Fe Springs - 3,0,0,,,1,11/16/2023 12:00:00 AM,1,,
1004,0,ni1039177c,bmp cover grl,Aftermarket,Keystone - Complete - Santa Fe Springs - 3,0,0,,,1,5/31/2023 12:00:00 AM,1,,
1004,0,RETURN,BP BAR BKT FT,LKQ,Keystone - Complete - Santa Fe Springs - 3,0,0,,,1,1/29/2024 12:00:00 AM,1,,
1004,0,RETURN,BUMP BAR FT,LKQ,Keystone - Complete - Santa Fe Springs - 3,0,0,,,1,1/29/2024 12:00:00 AM,1,,
1004,0,RETURN,BUMP BAR FT LWR,LKQ,Keystone - Complete - Santa Fe Springs - 3,0,0,,,1,1/29/2024 12:00:00 AM,1,,
1004,0,RETURN,FENDR LNER,LKQ,Keystone - Complete - Santa Fe Springs - 3,0,0,,,1,1/29/2024 12:00:00 AM,1,,
1004,0,RETURN,FOG LMP,LKQ,Keystone - Complete - Santa Fe Springs - 3,0,0,,,1,1/29/2024 12:00:00 AM,1,,
1004,0,RETURN,WHL OPEN MLD,LKQ,Keystone - Complete - Santa Fe Springs - 3,0,0,,,1,1/29/2024 12:00:00 AM,1,,
1004,0,T01291109c,molding',Aftermarket,Keystone - Complete - Santa Fe Springs - 3,0,0,,,1,12/14/2023 12:00:00 AM,1,,
1004,0,to1249116c,fender,Aftermarket,Keystone - Complete - Santa Fe Springs - 3,0,0,,,1,10/17/2023 12:00:00 AM,1,,
1004,0,57739fg000,cover hook,OEM,Kirby Subaru of Ventura - 15678,0,0,,,1,6/29/2023 12:00:00 AM,0,,
1004,0,63511al10a,weather strip,OEM,Kirby Subaru of Ventura - 15678,0,0,,,1,7/18/2023 12:00:00 AM,0,,
1004,0,91054ag061,cvr cap out,OEM,Kirby Subaru of Ventura - 15678,0,0,,,1,5/26/2023 12:00:00 AM,1,,
1004,0,91054fg060,cover cap,OEM,Kirby Subaru of Ventura - 15678,0,0,,,1,5/26/2023 12:00:00 AM,0,,
1004,0,91122fl100,grill,OEM,Kirby Subaru of Ventura - 15678,0,0,,,1,2/19/2024 12:00:00 AM,0,,
1004,0,,TAIL LAMP,LKQ,LKQ - 15678,0,0,,,1,2/15/2024 12:00:00 AM,1,,
1004,0,air cleaner,dennis,LKQ,LKQ - 15678,0,0,,,1,10/16/2023 12:00:00 AM,0,,
1004,0,headlaMP,HEADLAMP,LKQ,LKQ - 15678,0,0,,,1,4/1/2024 12:00:00 AM,1,,
1004,0,jimbo,door assembly,LKQ,LKQ - 15678,0,0,,,1,7/14/2023 12:00:00 AM,0,,
1004,0,return,door glass,LKQ,LKQ - 15678,0,0,,,1,7/14/2023 12:00:00 AM,1,,
1004,0,return,seat,LKQ,LKQ - 15678,0,0,,,1,12/28/2023 12:00:00 AM,1,,
1004,0,return,side mirror,LKQ,LKQ - 15678,0,0,,,1,7/14/2023 12:00:00 AM,1,,
1004,0,trabs cas,trans case,LKQ,LKQ - 15678,0,0,,,1,2/19/2024 12:00:00 AM,0,,
1004,0,wheel,moore no show,LKQ,LKQ - 15678,0,0,,,1,3/5/2024 12:00:00 AM,1,,
1004,0,WM048-856,Cooling shutter,LKQ,LKQ - 15678,0,0,,,1,4/29/2024 12:00:00 AM,1,,
1004,0,112-094-35-82,HOSE,OEM,MERCEDES OF THOUSAND OAKS - 15678,0,0,,,1,11/27/2023 12:00:00 AM,0,,
1004,0,561820411,condenser,OEM,NEFTIN VOLKSWAGEN - 15678,0,0,,,1,3/5/2024 12:00:00 AM,0,,
1004,0,07c115562e,filter,OEM,O'GARA COACH - 15678,0,0,,,1,9/28/2023 12:00:00 AM,0,,
1004,0,lab,rotor turn,FIX ME,OREILLY - 15678,0,0,,,2,5/25/2023 12:00:00 AM,0,,
1004,0,grill,grill,Aftermarket,Pacific Auto Company - 15678,0,0,,,1,1/8/2024 12:00:00 AM,1,,
1004,0,90155921026,EMBLEM,OEM,PORSCHE WOODLAND HILLS - 15678,0,0,,,1,1/16/2024 12:00:00 AM,1,,
1004,0,06l115562b,filer,OEM,RUSNAK - 15678,0,0,,,1,9/13/2023 12:00:00 AM,0,,
1004,0,4g0133843k,filter,OEM,RUSNAK - 15678,0,0,,,1,9/13/2023 12:00:00 AM,0,,
1004,0,ge555401qdsp,oil,OEM,RUSNAK - 15678,0,0,,,5,9/13/2023 12:00:00 AM,0,,
1004,0,125758,TINT,Aftermarket,SHADE of TINT - 15678,0,0,,,1,4/19/2024 12:00:00 AM,0,,
1004,0,55277353AA,MOLDING,OEM,SHAVER AUTOMOTIVE GROUP - 15678,0,0,,,1,4/3/2024 12:00:00 AM,1,,
1004,0,68259052ab,bezel shop pay,OEM,SHAVER AUTOMOTIVE GROUP - 15678,0,0,,,1,8/15/2023 12:00:00 AM,0,,
1004,0,68293200ab,cover kit - return,OEM,SHAVER AUTOMOTIVE GROUP - 15678,0,0,,,1,8/15/2023 12:00:00 AM,1,,
1004,0,return,return,OEM,SHAVER AUTOMOTIVE GROUP - 15678,0,0,,,1,5/9/2023 12:00:00 AM,1,,
1004,0,,filler,OEM,PRICE FORD - 15678,0,0,,,1,6/2/2023 12:00:00 AM,0,,
1004,0,am5z17d943a,bracket,OEM,PRICE FORD - 15678,0,0,,,1,5/25/2023 12:00:00 AM,1,,
1004,0,BK3Z14529J,SWITCH ASSY - ATI,OEM,PRICE FORD - 15678,0,0,,,1,6/3/2023 12:00:00 AM,0,,
1004,0,w716070s300,rivet,OEM,PRICE FORD - 15678,0,0,,,8,5/25/2023 12:00:00 AM,8,,
1004,0,002580004021,touchup paint,OEM,Simi Valley Toyota - 15678,0,0,,,1,10/11/2023 12:00:00 AM,0,,
1004,0,002580020221,black onyx touchup,OEM,Simi Valley Toyota - 15678,0,0,,,2,6/23/2023 12:00:00 AM,0,,
1004,0,002580020221,touchup paint black,OEM,Simi Valley Toyota - 15678,0,0,,,1,11/8/2023 12:00:00 AM,0,,
1004,0,00289-ATFWS,WORLD STANDARD,OEM,Simi Valley Toyota - 15678,0,0,,,4,10/6/2023 12:00:00 AM,0,,
1004,0,040 TOUCH UP,TOUCH UP PAINT - OMAR,OEM,Simi Valley Toyota - 15678,0,0,,,1,4/9/2024 12:00:00 AM,0,,
1004,0,04465-AZ219,BRAKE PADS - JIMBO,OEM,Simi Valley Toyota - 15678,0,0,,,1,10/5/2023 12:00:00 AM,0,,
1004,0,178010v020,element,OEM,Simi Valley Toyota - 15678,0,0,,,1,4/17/2024 12:00:00 AM,0,,
1004,0,178017zz02,element,OEM,Simi Valley Toyota - 15678,0,0,,,1,11/30/2023 12:00:00 AM,0,,
1004,0,27900t4001,atf,OEM,Simi Valley Toyota - 15678,0,0,,,6,4/24/2024 12:00:00 AM,0,,
1004,0,443480c010,hose,OEM,Simi Valley Toyota - 15678,0,0,,,1,4/25/2024 12:00:00 AM,0,,
1004,0,5202106130,rebar return,OEM,Simi Valley Toyota - 15678,0,0,,,1,11/14/2023 12:00:00 AM,1,,
1004,0,524630r010,pad,OEM,Simi Valley Toyota - 15678,0,0,,,1,11/17/2023 12:00:00 AM,0,,
1004,0,5351006280,lock return,OEM,Simi Valley Toyota - 15678,0,0,,,1,11/29/2023 12:00:00 AM,1,,
1004,0,5382847080,PROTECTOR,OEM,Simi Valley Toyota - 15678,0,0,,,1,12/29/2023 12:00:00 AM,1,,
1004,0,53867-0E080,FENDER SEAL - SHOP PAY,OEM,Simi Valley Toyota - 15678,0,0,,,1,10/31/2023 12:00:00 AM,0,,
1004,0,583270c051,insulator,OEM,Simi Valley Toyota - 15678,0,0,,,1,7/12/2023 12:00:00 AM,1,,
1004,0,62710-0r060,Window Assy return,OEM,Simi Valley Toyota - 15678,0,0,,,1,12/5/2023 12:00:00 AM,1,,
1004,0,662490c081,protector return,OEM,Simi Valley Toyota - 15678,0,0,,,1,12/5/2023 12:00:00 AM,1,,
1004,0,67496-0E010,ABDEMALIK - DOOR COVER SHOP PAY,OEM,Simi Valley Toyota - 15678,0,0,,,1,11/2/2023 12:00:00 AM,0,,
1004,0,6775008050,TRIM PANEL,OEM,Simi Valley Toyota - 15678,0,0,,,1,5/30/2023 12:00:00 AM,1,,
1004,0,75533-0C040,W/S MLDG - INBODY,OEM,Simi Valley Toyota - 15678,0,0,,,2,1/22/2024 12:00:00 AM,0,,
1004,0,7585402020,rocker mold,OEM,Simi Valley Toyota - 15678,0,0,,,1,6/19/2023 12:00:00 AM,1,,
1004,0,76928-04010,protector side,OEM,Simi Valley Toyota - 15678,0,0,,,1,5/24/2023 12:00:00 AM,1,,
1004,0,81110-02E60,HEADLAMP - SHOP PAY,OEM,Simi Valley Toyota - 15678,0,0,,,1,9/14/2023 12:00:00 AM,0,,
1004,0,8113033d41,headlight return,OEM,Simi Valley Toyota - 15678,0,0,,,1,8/30/2023 12:00:00 AM,1,,
1004,0,81150-02E60,HEADLAMP - SHOP PAY,OEM,Simi Valley Toyota - 15678,0,0,,,1,9/14/2023 12:00:00 AM,0,,
1004,0,871397zz82,element,OEM,Simi Valley Toyota - 15678,0,0,,,1,11/30/2023 12:00:00 AM,0,,
1004,0,87139yzz82,element,OEM,Simi Valley Toyota - 15678,0,0,,,1,4/17/2024 12:00:00 AM,0,,
1004,0,8796112D80,MIRROR,OEM,Simi Valley Toyota - 15678,0,0,,,1,5/4/2024 12:00:00 AM,0,,
1004,0,9008017221,nut,OEM,Simi Valley Toyota - 15678,0,0,,,1,4/1/2024 12:00:00 AM,0,,
1004,0,90119a0434,bolt,OEM,Simi Valley Toyota - 15678,0,0,,,1,4/1/2024 12:00:00 AM,0,,
1004,0,90301-88077,O RING - OMAR,OEM,Simi Valley Toyota - 15678,0,0,,,1,10/18/2023 12:00:00 AM,0,,
1004,0,9091901233,spark plug,OEM,Simi Valley Toyota - 15678,0,0,,,4,4/17/2024 12:00:00 AM,0,,
1004,0,EMBLEM,SHUTTLE EMBLEM,OEM,Simi Valley Toyota - 15678,0,0,,,1,10/17/2023 12:00:00 AM,0,,
1004,0,RETURN,RETURN,OEM,Simi Valley Toyota - 15678,0,0,,,2,7/13/2023 12:00:00 AM,2,,
1004,0,SHUTTLE PARTS,SHUTTLE PARTS,OEM,Simi Valley Toyota - 15678,0,0,,,1,10/11/2023 12:00:00 AM,0,,
1004,0,su00309236,holder sonar,OEM,Simi Valley Toyota - 15678,0,0,,,2,10/20/2023 12:00:00 AM,2,,
1004,0,72425sepa01za,molding return,OEM,Swickard Acura of Thousand Oaks - 15678,0,0,,,1,12/6/2023 12:00:00 AM,1,,
1004,0,74110tl2a00,cover,OEM,Swickard Acura of Thousand Oaks - 15678,0,0,,,1,4/25/2024 12:00:00 AM,1,,
1004,0,76622tdkj02,"rub, blade",OEM,Thousand Oaks Toyota - 15678,0,0,,,1,5/19/2023 12:00:00 AM,0,,
1004,0,76632t6lh04,"rub, blade",OEM,Thousand Oaks Toyota - 15678,0,0,,,1,5/19/2023 12:00:00 AM,0,,
1004,1,,FRONT BRAKE PADS,FIX ME,FAST UNDER CAR - 15678,1,0,,,1,4/7/2023 12:00:00 AM,0,,
1004,2,538960E130,Fender Molding,OEM,Simi Valley Toyota - 15678,1,0,,,1,10/27/2023 12:00:00 AM,0,,
1004,3,33555SWAJ01,Reflector,OEM,GALPIN HONDA - 15678,1,0,,,1,10/27/2023 12:00:00 AM,0,,
1004,4,33951T1WA11,Fog Lamp,OEM,1ST HONDA - 15678,1,0,,,1,12/22/2023 12:00:00 AM,0,,
1004,5,00258-00202-21,BLACK ONYX,OEM,Simi Valley Toyota - 15678,2,0,,,2,1/12/2024 12:00:00 AM,0,,
1004,6,,Dixon PDR,FIX ME,,1,0,,,0,,0,,
1004,7,,Tire Mount and Balance,Sublet,BIG BRAND - 15678,1,0,,,1,2/7/2024 12:00:00 AM,0,,
1812,2,71110S3VA10ZB,Center filler cool gray,OEM,GOLD COAST ACURA - 15678,1,1,9/5/2023 11:00:53 AM,9/22/2023 12:00:00 AM,1,4/5/2024 12:00:00 AM,0,,
1812,4,71102S3VA10ZB,RT Spoiler cool gray,OEM,GOLD COAST ACURA - 15678,1,1,9/5/2023 11:00:53 AM,9/22/2023 12:00:00 AM,1,9/20/2023 12:00:00 AM,1,,
1812,6,74111S3VA01,Splash shield,OEM,GOLD COAST ACURA - 15678,1,1,9/5/2023 11:00:53 AM,9/22/2023 12:00:00 AM,1,9/6/2023 12:00:00 AM,0,,
1812,7,91503SZ3003,Splash shield clip to bumper,OEM,GOLD COAST ACURA - 15678,6,6,9/5/2023 11:00:53 AM,9/22/2023 12:00:00 AM,6,9/6/2023 12:00:00 AM,0,,
1812,8,91501S04003,Splash shield clip to inner fender,OEM,GOLD COAST ACURA - 15678,6,6,9/5/2023 11:00:53 AM,9/22/2023 12:00:00 AM,6,9/6/2023 12:00:00 AM,0,,
2030,2,P83638,Bumper cover,Aftermarket,Pacific Auto Company - 15678,1,1,10/26/2023 10:48:48 AM,10/28/2023 12:00:00 AM,1,10/27/2023 12:00:00 AM,0,,
2030,3,MA1033101,RT Retainer,Aftermarket,Keystone - Complete - Santa Fe Springs - 3,1,1,10/26/2023 10:48:11 AM,10/27/2023 12:00:00 AM,1,10/27/2023 12:00:00 AM,0,,
2030,4,MA1032101,LT Retainer,Aftermarket,Keystone - Complete - Santa Fe Springs - 3,1,1,10/26/2023 10:48:11 AM,10/27/2023 12:00:00 AM,1,10/27/2023 12:00:00 AM,0,,
2030,6,P83308,Radiator support,Aftermarket,Pacific Auto Company - 15678,1,1,10/12/2023 3:18:34 PM,10/14/2023 12:00:00 AM,1,10/13/2023 12:00:00 AM,0,,
2030,8,MA1234113,Lock assy w/o alarm,Aftermarket,Go Parts - 15678,1,1,10/12/2023 3:19:55 PM,10/20/2023 12:00:00 AM,1,10/12/2023 12:00:00 AM,0,,
2030,9,P83259,Hood (HSS),Aftermarket,Pacific Auto Company - 15678,1,1,10/12/2023 3:22:55 PM,10/14/2023 12:00:00 AM,1,10/13/2023 12:00:00 AM,0,,
2493,0,60120T90A00ZZ,RT HINGE,OEM,GALPIN HONDA - 15678,0,1,1/15/2024 2:43:16 PM,1/16/2024 12:00:00 AM,1,1/29/2024 12:00:00 AM,1,,
2493,0,71160T90A00,Upper support,OEM,GALPIN HONDA - 15678,0,1,1/15/2024 2:43:16 PM,1/16/2024 12:00:00 AM,0,,0,,
2493,0,71160t90a01,UPPER BEAM,OEM,GALPIN HONDA - 15678,0,0,,,1,1/31/2024 12:00:00 AM,1,,
2493,5,78527TY2A10,Air bag label on instrument panel,OEM,GALPIN HONDA - 15678,1,1,1/15/2024 2:43:16 PM,1/16/2024 12:00:00 AM,1,1/15/2024 12:00:00 AM,0,,
2493,6,80050T90A00,AC label,OEM,GALPIN HONDA - 15678,1,1,1/30/2024 11:04:19 AM,1/31/2024 12:00:00 AM,1,1/30/2024 12:00:00 AM,0,,
2493,7,SEE FOOTNOTE,Emission label,OEM,GALPIN HONDA - 15678,1,0,,,1,2/1/2024 12:00:00 AM,0,,
2493,10,04711T90A00ZZ,Bumper cover,OEM,GALPIN HONDA - 15678,1,1,1/10/2024 10:00:28 AM,1/11/2024 12:00:00 AM,1,1/10/2024 12:00:00 AM,0,,
2493,15,71110T90A00,Lower cover,OEM,GALPIN HONDA - 15678,1,1,1/10/2024 10:00:28 AM,1/11/2024 12:00:00 AM,1,1/10/2024 12:00:00 AM,0,,
2493,17,71120T90A40,Grille assy TrailSport,OEM,GALPIN HONDA - 15678,1,1,1/10/2024 10:00:28 AM,1/11/2024 12:00:00 AM,1,1/10/2024 12:00:00 AM,0,,
2493,19,74117T90A00,Sight shield,OEM,GALPIN HONDA - 15678,1,1,1/15/2024 2:43:16 PM,1/16/2024 12:00:00 AM,0,,0,,
2493,20,71201T90A10,Upper trim black,OEM,GALPIN HONDA - 15678,1,1,1/15/2024 2:43:16 PM,1/16/2024 12:00:00 AM,1,1/15/2024 12:00:00 AM,0,,
2493,22,396803T0J01ZN,Park sensor,OEM,GALPIN HONDA - 15678,1,0,,,1,2/9/2024 12:00:00 AM,0,,
2493,24,33100T90A01,RT Headlamp assy,OEM,GALPIN HONDA - 15678,1,1,1/15/2024 2:43:16 PM,1/16/2024 12:00:00 AM,1,1/15/2024 12:00:00 AM,0,,
2493,38,60100T90A00ZZ,Hood (ALU),OEM,GALPIN HONDA - 15678,1,1,1/10/2024 10:00:28 AM,1/11/2024 12:00:00 AM,1,1/10/2024 12:00:00 AM,0,,
2493,43,74148T90A01,Seal,OEM,GALPIN HONDA - 15678,1,1,1/15/2024 2:43:16 PM,1/16/2024 12:00:00 AM,1,1/26/2024 12:00:00 AM,0,,
2493,44,74146T90A01,Front seal,OEM,GALPIN HONDA - 15678,1,1,1/15/2024 2:43:16 PM,1/16/2024 12:00:00 AM,1,1/15/2024 12:00:00 AM,0,,
2493,46,60210T90A00ZZ,RT Fender,OEM,GALPIN HONDA - 15678,1,1,1/10/2024 10:00:28 AM,1/11/2024 12:00:00 AM,1,1/10/2024 12:00:00 AM,0,,
2493,51,74115T90A00,RT Wheel flare,OEM,GALPIN HONDA - 15678,1,1,1/15/2024 2:43:16 PM,1/16/2024 12:00:00 AM,1,3/13/2024 12:00:00 AM,0,,
2493,72,75315TG7A01,RT Body side mldg clip,OEM,GALPIN HONDA - 15678,12,12,1/15/2024 2:43:16 PM,1/16/2024 12:00:00 AM,12,1/15/2024 12:00:00 AM,0,,
2493,81,,COOLANT,Aftermarket,**IN-HOUSE - 15678,1,0,,,1,1/30/2024 12:00:00 AM,0,,
2493,82,,Clean and Retape Large Molding,FIX ME,**IN-HOUSE - 15678,1,0,,,1,1/30/2024 12:00:00 AM,0,,
2513,3,1C0945171G,LT Tail lamp assy,OEM,NEFTIN VOLKSWAGEN - 15678,1,1,1/12/2024 10:38:33 AM,1/12/2024 12:00:00 AM,1,1/17/2024 12:00:00 AM,0,,
2513,5,1Y0807649FGRU,Bumper cover,LKQ,HONDA FOREIGN AUTO PARTS - 15678,1,1,1/12/2024 2:34:36 PM,1/12/2024 12:00:00 AM,0,,0,,
2513,5,1Y0807649FGRU,Bumper cover,OEM,NEFTIN VOLKSWAGEN - 15678,1,1,2/9/2024 2:32:01 PM,2/9/2024 12:00:00 AM,0,,0,,
2513,7,1C0825322A01C,Air duct,OEM,NEFTIN VOLKSWAGEN - 15678,1,1,1/12/2024 10:38:33 AM,1/12/2024 12:00:00 AM,1,1/17/2024 12:00:00 AM,0,,
2576,5,,storage of non repaired vehicle $150 per day,FIX ME,,1,0,,,0,,0,,
2599,2,84309709,RT Mirror glass w/o blind spot,Glass,ANTELOPE VALLEY CHEVROLET - 15678,1,1,1/29/2024 4:50:24 PM,1/29/2024 12:00:00 AM,1,1/31/2024 12:00:00 AM,0,,
2642,14,,SEAL KIT,Aftermarket,,1,0,,,0,,0,,
2642,15,39849990,LT Flare narrow primed,OEM,GALPIN MOTOR - 15678,1,1,3/15/2024 11:09:17 AM,3/15/2024 12:00:00 AM,1,3/21/2024 12:00:00 AM,0,,
2642,17,31416317,LT Quarter panel (HSS),OEM,GALPIN MOTOR - 15678,1,1,3/15/2024 11:09:17 AM,3/15/2024 12:00:00 AM,1,3/21/2024 12:00:00 AM,0,,
2642,23,40001930,Upper cover w/o auto park,OEM,GALPIN MOTOR - 15678,1,1,3/15/2024 11:09:17 AM,3/15/2024 12:00:00 AM,1,3/21/2024 12:00:00 AM,0,,
2642,34,,Cover Car for Primer,FIX ME,,1,0,,,0,,0,,
2642,35,,Four Wheel Alignment,Sublet,,1,0,,,0,,0,,
2903,3,86610L1010,Bumper cover w/park snsr,OEM,Alexander Hyundai of Oxnard - 15678,1,1,3/26/2024 4:38:31 PM,3/26/2024 12:00:00 AM,1,3/30/2024 12:00:00 AM,0,,
2903,9,86618L1010,Molding strip,OEM,Alexander Hyundai of Oxnard - 15678,1,1,3/26/2024 4:37:50 PM,3/26/2024 12:00:00 AM,1,3/30/2024 12:00:00 AM,0,,
2903,10,86612L1020,Lower cover w/park snsr,OEM,WESTLAKE HYUNDAI - 15678,1,1,4/3/2024 10:11:26 AM,4/4/2024 12:00:00 AM,1,4/5/2024 12:00:00 AM,0,,
2903,12,86696L5000,Finish molding,OEM,Alexander Hyundai of Oxnard - 15678,1,1,3/26/2024 4:37:50 PM,3/26/2024 12:00:00 AM,1,3/30/2024 12:00:00 AM,0,,
2903,21,,TINT COLOR 2 colors,Paint Materials (additional),**IN-HOUSE - 15678,1,0,,,1,4/5/2024 12:00:00 AM,0,,
2924,0,6510749AA,Adjust tube adjust nut center link,OEM,SHAVER AUTOMOTIVE GROUP - 15678,0,1,5/1/2024 11:55:51 AM,5/1/2024 12:00:00 AM,0,,0,,
2924,0,6510750AA,Adjust tube adjust nut tie rod,OEM,SHAVER AUTOMOTIVE GROUP - 15678,0,1,5/1/2024 11:55:51 AM,5/1/2024 12:00:00 AM,0,,0,,
2924,0,68111301AA,Center link passenger side,OEM,SHAVER AUTOMOTIVE GROUP - 15678,0,1,5/1/2024 11:55:51 AM,5/1/2024 12:00:00 AM,0,,0,,
2924,0,68111302AA,Adjust tube,OEM,SHAVER AUTOMOTIVE GROUP - 15678,0,1,5/1/2024 11:55:51 AM,5/1/2024 12:00:00 AM,0,,0,,
2924,0,68111304AA,Tie rod to pitman arm,OEM,SHAVER AUTOMOTIVE GROUP - 15678,0,1,5/1/2024 11:55:51 AM,5/1/2024 12:00:00 AM,0,,0,,
2924,0,68232449 AC,DAMPER ST,OEM,SHAVER AUTOMOTIVE GROUP - 15678,0,0,,,1,5/1/2024 12:00:00 AM,1,,
2924,0,68324940AD,RT Headlamp assy w/projector chrome,OEM,SHAVER AUTOMOTIVE GROUP - 15678,0,1,4/1/2024 8:20:35 AM,4/1/2024 12:00:00 AM,1,4/10/2024 12:00:00 AM,1,,
2924,0,68324941-AD,HEADLAMP,Re-Cored,SHAVER AUTOMOTIVE GROUP - 15678,0,0,,,1,4/10/2024 12:00:00 AM,1,,
2924,0,68338342 AD,DRAG LINK,OEM,SHAVER AUTOMOTIVE GROUP - 15678,0,0,,,1,5/1/2024 12:00:00 AM,1,,
2924,0,68338342AD,Center link passenger side,OEM,SHAVER AUTOMOTIVE GROUP - 15678,0,0,,,1,5/2/2024 12:00:00 AM,1,,
2924,0,68369910 AE,TUBE STEEL,OEM,SHAVER AUTOMOTIVE GROUP - 15678,0,0,,,1,5/1/2024 12:00:00 AM,1,,
2924,0,68369910AE,Tie rod assy,OEM,SHAVER AUTOMOTIVE GROUP - 15678,0,0,,,1,5/2/2024 12:00:00 AM,1,,
2924,3,68260085AA,Bumper chrome w/park snsr,OEM,SHAVER AUTOMOTIVE GROUP - 15678,1,1,4/1/2024 8:20:35 AM,4/1/2024 12:00:00 AM,1,4/10/2024 12:00:00 AM,0,,
2924,22,68149701AB,"Nameplate ""Cummins 6.7 LITER""",OEM,SHAVER AUTOMOTIVE GROUP - 15678,1,1,4/1/2024 8:19:54 AM,4/1/2024 12:00:00 AM,1,4/1/2024 12:00:00 AM,0,,
2924,26,1VQ87GSAAA,"RT/Front Wheel, alloy 17"" code: WBA",Re-Cored,M&L Wheels and Bumpers - 15678,1,0,,,1,4/25/2024 12:00:00 AM,0,,
2924,29,4726280AA,RT/Front Center cap aluminum wheel ram head,OEM,SHAVER AUTOMOTIVE GROUP - 15678,1,1,4/26/2024 8:58:13 AM,4/26/2024 12:00:00 AM,1,4/26/2024 12:00:00 AM,0,,
2924,31,68338342 AD,Tie rod assy,OEM,SHAVER AUTOMOTIVE GROUP - 15678,1,0,,,1,5/7/2024 12:00:00 AM,0,,
2924,33,82213659-AE,RT Step bar chrome cab length,OEM,SHAVER AUTOMOTIVE GROUP - 15678,1,0,,,2,5/3/2024 12:00:00 AM,2,,
2924,36,68140250AC,"RT Nameplate ""RAM 2500""",OEM,SHAVER AUTOMOTIVE GROUP - 15678,1,1,4/1/2024 8:19:54 AM,4/1/2024 12:00:00 AM,1,4/1/2024 12:00:00 AM,0,,
2924,45,,4 WHEEL ALIGNMENT,Sublet,Jim's Tire Center - 15678,1,0,,,1,5/7/2024 12:00:00 AM,0,,
2924,49,,"FEATHER EDGE, PRIME & BLOCK",Aftermarket,**IN-HOUSE - 15678,2,0,,,2,4/30/2024 12:00:00 AM,0,,
2924,53,,ADAS SEAFTY RESEARCH,Sublet,ASTECH - 15678,1,0,,,1,5/7/2024 12:00:00 AM,0,,
2924,54,,INIIALIZED PARK ASSIST,Sublet,PRO TECH DIAGNOSTICS - 15678,1,0,,,1,5/7/2024 12:00:00 AM,0,,
2924,55,,INITIALIZED BACK UP CAMERA,Sublet,PRO TECH DIAGNOSTICS - 15678,1,0,,,1,5/7/2024 12:00:00 AM,0,,
2924,56,,POST SCAN,Sublet,PRO TECH DIAGNOSTICS - 15678,1,0,,,1,5/7/2024 12:00:00 AM,0,,
2957,1,PZ1Z 5A289 E,Rear Exhaust Muffler                  -M,OEM,PRICE FORD - 15678,1,1,4/16/2024 8:23:13 AM,4/16/2024 12:00:00 AM,1,4/19/2024 12:00:00 AM,0,,
2957,10,LJ6Z 9942528 C,Liftgate Adhesive Nameplate,OEM,PRICE FORD - 15678,1,1,4/16/2024 8:23:13 AM,4/16/2024 12:00:00 AM,1,4/19/2024 12:00:00 AM,0,,
2957,11,LJ6Z 8213 C,Liftgate Adhesive Nameplate,OEM,PRICE FORD - 15678,1,1,4/16/2024 8:23:13 AM,4/16/2024 12:00:00 AM,1,4/19/2024 12:00:00 AM,0,,
2957,13,Aftermarket New,Liftgate Glass Adhesive,Aftermarket,,1,0,,,0,,0,,
2957,20,FO1100759C,Rear Bumper Cover,Aftermarket,Keystone - Complete - Santa Fe Springs - 3,1,1,4/16/2024 8:23:55 AM,4/16/2024 12:00:00 AM,1,4/17/2024 12:00:00 AM,0,,
2957,26,JU5Z 15K859 APTM,L Rear Inr Parking Distance Sensor,OEM,PRICE FORD - 15678,1,1,4/16/2024 8:23:13 AM,4/16/2024 12:00:00 AM,1,4/19/2024 12:00:00 AM,0,,
2957,28,FO1195166C,Rear Bumper Valance Panel,Aftermarket,Keystone - Complete - Santa Fe Springs - 3,1,1,4/16/2024 8:23:55 AM,4/16/2024 12:00:00 AM,1,4/17/2024 12:00:00 AM,0,,
2959,0,57711FJ0329P,Reinforce bar,OEM,Kirby Subaru of Ventura - 15678,0,1,5/7/2024 9:14:04 AM,5/7/2024 12:00:00 AM,0,,0,,
2959,12,SU1100169C,Bumper cover,Aftermarket,Keystone - Complete - Santa Fe Springs - 3,1,1,4/8/2024 9:06:40 AM,4/9/2024 12:00:00 AM,1,4/11/2024 12:00:00 AM,0,,
2959,16,57711FJ0329P,Reinforce bar,OEM,Kirby Subaru of Ventura - 15678,1,0,,,1,5/8/2024 12:00:00 AM,0,,
2959,19,909140007,RT Lower cover clip,OEM,Kirby Subaru of Ventura - 15678,6,6,5/7/2024 9:14:04 AM,5/7/2024 12:00:00 AM,6,5/8/2024 12:00:00 AM,0,,
2967,0,,core,Re-Cored,Keystone - Complete - Santa Fe Springs - 3,0,0,,,1,4/12/2024 12:00:00 AM,1,,
2967,8,GM1240403C,LT Fender,Aftermarket,Keystone - Complete - Santa Fe Springs - 3,1,1,4/11/2024 1:45:40 PM,4/12/2024 12:00:00 AM,1,4/12/2024 12:00:00 AM,0,,
2967,11,GM1290251,LT Wheel opng mldg,Aftermarket,Keystone - Complete - Santa Fe Springs - 3,1,1,4/11/2024 1:45:40 PM,4/12/2024 12:00:00 AM,1,4/12/2024 12:00:00 AM,0,,
2967,13,ALYGQ080U20,"LT/Rear Wheel, alloy 16"" code: RRZ",Re-Manufactured,Keystone - Complete - Santa Fe Springs - 3,1,0,,,1,4/12/2024 12:00:00 AM,1,,
2967,13,ALYGQ080U20,"LT/Rear Wheel, alloy 16"" code: RRZ",Re-Manufactured,M&L Wheels and Bumpers - 15678,1,0,,,1,4/23/2024 12:00:00 AM,0,,
2967,21,42529767,LT Uniside assy Korea built quarter panel,"OEM, Partial",ANTELOPE VALLEY CHEVROLET - 15678,1,0,,,1,4/24/2024 12:00:00 AM,0,,
2967,25,95315620,LT R&R door assy,LKQ,LKQ - 15678,1,0,,,1,4/24/2024 12:00:00 AM,0,,
2967,27,95395615,LT Belt molding w/o chrome,OEM,ANTELOPE VALLEY CHEVROLET - 15678,1,0,,,1,5/3/2024 12:00:00 AM,0,,
2967,29,~359925510,LT door assy,LKQ,LKQ - 15678,1,0,,,1,4/24/2024 12:00:00 AM,0,,
2967,33,13501713,LT Upper hinge,OEM,ANTELOPE VALLEY CHEVROLET - 15678,1,0,,,1,4/24/2024 12:00:00 AM,0,,
2967,34,13501715,LT Lower hinge,OEM,ANTELOPE VALLEY CHEVROLET - 15678,1,0,,,1,4/24/2024 12:00:00 AM,0,,
2967,35,95395619,LT Belt molding w/o chrome,OEM,ANTELOPE VALLEY CHEVROLET - 15678,1,0,,,1,5/3/2024 12:00:00 AM,0,,
2967,41,GM1790123,LT Wheel opng mldg,Aftermarket,Keystone - Complete - Santa Fe Springs - 3,1,1,4/11/2024 1:45:40 PM,4/12/2024 12:00:00 AM,1,4/12/2024 12:00:00 AM,0,,
2967,45,13502348,LT Pressure valve,OEM,ANTELOPE VALLEY CHEVROLET - 15678,1,0,,,1,4/27/2024 12:00:00 AM,0,,
2967,54,GM1115143C,Lower cover w/o side object sens,Aftermarket,Keystone - Complete - Santa Fe Springs - 3,1,1,4/11/2024 1:45:40 PM,4/12/2024 12:00:00 AM,1,4/12/2024 12:00:00 AM,0,,
2967,55,9132667,LT Guide bracket rivet,Aftermarket,**IN-HOUSE - 15678,5,0,,,5,5/7/2024 12:00:00 AM,0,,
2967,56,95430135,LT Guide bracket Korea built,OEM,ANTELOPE VALLEY CHEVROLET - 15678,1,0,,,1,4/27/2024 12:00:00 AM,0,,
2967,66,,Cover Car for Primer,FIX ME,**IN-HOUSE - 15678,1,0,,,1,5/7/2024 12:00:00 AM,0,,
2967,70,,Four Wheel Alignment,Sublet,Jim's Tire Center - 15678,1,0,,,1,5/7/2024 12:00:00 AM,0,,
2967,71,,Tire Mount & Wheel Balance,Sublet,**IN-HOUSE - 15678,1,0,,,1,5/7/2024 12:00:00 AM,0,,
2967,73,,a/m handle pocket protectors,FIX ME,**IN-HOUSE - 15678,1,0,,,1,5/7/2024 12:00:00 AM,0,,
2982,8,91112AN00A,RT Wheel opng mldg Outback w/o Wilderness,OEM,Kirby Subaru of Ventura - 15678,1,1,4/12/2024 2:25:02 PM,4/12/2024 12:00:00 AM,1,4/16/2024 12:00:00 AM,0,,
2982,16,91112AN04D,RT Lower molding Outback,OEM,Kirby Subaru of Ventura - 15678,1,1,4/12/2024 2:25:02 PM,4/12/2024 12:00:00 AM,1,4/16/2024 12:00:00 AM,0,,
2982,17,61280AN020,"RT Belt molding w/Wilderness, Oynx",OEM,Kirby Subaru of Ventura - 15678,1,1,4/12/2024 2:25:02 PM,4/12/2024 12:00:00 AM,1,4/18/2024 12:00:00 AM,0,,
2982,23,,"FEATHER EDGE, PRIME & BLOCK",Aftermarket,,1,0,,,0,,0,,
2991,0,6700447210,LT Door shell (HSS),OEM,Simi Valley Toyota - 15678,0,1,4/16/2024 4:22:37 PM,4/16/2024 12:00:00 AM,0,,0,,
2991,6,,Load Carrying Label,Aftermarket,ABLE 2 LABEL - 15678,1,1,4/16/2024 4:23:57 PM,4/16/2024 12:00:00 AM,1,4/19/2024 12:00:00 AM,0,,
2991,7,7459678010,LT Air bag label side air bag,OEM,Simi Valley Toyota - 15678,1,1,4/16/2024 4:22:37 PM,4/16/2024 12:00:00 AM,1,4/17/2024 12:00:00 AM,0,,
2991,8,4266147420,Tire info label 195/65R15 w/o PRIME,OEM,Simi Valley Toyota - 15678,1,1,4/16/2024 4:22:37 PM,4/16/2024 12:00:00 AM,1,4/17/2024 12:00:00 AM,0,,
2991,10,4260247181,"LT/Rear Wheel cover 15"" wheel, w/o PRIME w/ONE or TWO",OEM,Simi Valley Toyota - 15678,1,1,4/16/2024 4:22:37 PM,4/16/2024 12:00:00 AM,1,4/17/2024 12:00:00 AM,0,,
2991,15,7586752020,LT Rocker molding clip type 2,OEM,Simi Valley Toyota - 15678,9,9,4/16/2024 4:22:37 PM,4/16/2024 12:00:00 AM,9,4/17/2024 12:00:00 AM,0,,
2991,16,9046722014,LT Rocker molding clip type 3,OEM,Simi Valley Toyota - 15678,4,4,4/16/2024 4:22:37 PM,4/16/2024 12:00:00 AM,4,4/17/2024 12:00:00 AM,0,,
2991,17,9046722015,LT Rocker molding clip type 4,OEM,Simi Valley Toyota - 15678,3,3,4/16/2024 4:22:37 PM,4/16/2024 12:00:00 AM,3,4/17/2024 12:00:00 AM,0,,
2991,19,7586752020,RT Rocker molding clip type 2,OEM,Simi Valley Toyota - 15678,9,9,4/16/2024 4:22:37 PM,4/16/2024 12:00:00 AM,9,4/17/2024 12:00:00 AM,0,,
2991,20,9046722014,RT Rocker molding clip type 3,OEM,Simi Valley Toyota - 15678,4,4,4/16/2024 4:22:37 PM,4/16/2024 12:00:00 AM,4,4/17/2024 12:00:00 AM,0,,
2991,21,9046722015,RT Rocker molding clip type 4,OEM,Simi Valley Toyota - 15678,3,3,4/16/2024 4:22:37 PM,4/16/2024 12:00:00 AM,3,4/17/2024 12:00:00 AM,0,,
2991,27,7572047040,LT Belt molding,OEM,Simi Valley Toyota - 15678,1,1,4/16/2024 4:22:37 PM,4/16/2024 12:00:00 AM,1,4/17/2024 12:00:00 AM,0,,
2991,33,6700447211,LT Door shell (HSS),OEM,Simi Valley Toyota - 15678,1,0,,,1,4/17/2024 12:00:00 AM,0,,
2991,36,6787247051,LT Surround w'strip,OEM,Simi Valley Toyota - 15678,1,1,4/16/2024 4:22:37 PM,4/16/2024 12:00:00 AM,1,4/17/2024 12:00:00 AM,0,,
2991,37,6784247110,LT Water shield w/o JBL audio,OEM,Simi Valley Toyota - 15678,1,1,4/16/2024 4:22:37 PM,4/16/2024 12:00:00 AM,1,4/17/2024 12:00:00 AM,0,,
2991,38,7597847080,LT Black out tape front,OEM,Simi Valley Toyota - 15678,1,1,4/16/2024 4:22:37 PM,4/16/2024 12:00:00 AM,1,4/17/2024 12:00:00 AM,0,,
2991,39,7598847060,LT Black out tape upper,OEM,Simi Valley Toyota - 15678,1,1,4/16/2024 4:22:37 PM,4/16/2024 12:00:00 AM,1,4/17/2024 12:00:00 AM,0,,
2991,40,7598947070,LT Black out tape rear,OEM,Simi Valley Toyota - 15678,1,1,4/16/2024 4:22:37 PM,4/16/2024 12:00:00 AM,1,4/17/2024 12:00:00 AM,0,,
2991,41,6789647011,LT Front w'strip,OEM,Simi Valley Toyota - 15678,1,1,4/16/2024 4:22:37 PM,4/16/2024 12:00:00 AM,1,4/17/2024 12:00:00 AM,0,,
2991,42,7574047040,LT Belt molding,OEM,Simi Valley Toyota - 15678,1,1,4/16/2024 4:22:37 PM,4/16/2024 12:00:00 AM,1,4/17/2024 12:00:00 AM,0,,
2991,43,7576247050,LT Applique w/o PRIME,OEM,Simi Valley Toyota - 15678,1,1,4/16/2024 4:22:37 PM,4/16/2024 12:00:00 AM,1,4/17/2024 12:00:00 AM,0,,
2991,44,90269A0006,LT Frame molding rivet,OEM,Simi Valley Toyota - 15678,7,7,4/16/2024 4:22:37 PM,4/16/2024 12:00:00 AM,7,4/17/2024 12:00:00 AM,0,,
2991,45,6876020122,LT Upper hinge,OEM,Simi Valley Toyota - 15678,1,1,4/16/2024 4:22:37 PM,4/16/2024 12:00:00 AM,1,4/17/2024 12:00:00 AM,0,,
2991,47,6878052031,LT Lower hinge,OEM,Simi Valley Toyota - 15678,1,1,4/16/2024 4:22:37 PM,4/16/2024 12:00:00 AM,1,4/17/2024 12:00:00 AM,0,,
2991,51,6160247150,LT Quarter panel w/o PRIME w/blind spot,OEM,Simi Valley Toyota - 15678,1,1,4/16/2024 4:22:37 PM,4/16/2024 12:00:00 AM,1,4/17/2024 12:00:00 AM,0,,
2991,54,5874647030,LT Stone guard,OEM,Simi Valley Toyota - 15678,1,1,4/16/2024 4:22:37 PM,4/16/2024 12:00:00 AM,1,4/17/2024 12:00:00 AM,0,,
2991,57,9026906017,Fuel door rivet,OEM,Simi Valley Toyota - 15678,2,2,4/16/2024 4:22:37 PM,4/16/2024 12:00:00 AM,2,4/17/2024 12:00:00 AM,0,,
2991,58,6250647012,LT Applique,OEM,Simi Valley Toyota - 15678,1,1,4/16/2024 4:22:37 PM,4/16/2024 12:00:00 AM,1,4/17/2024 12:00:00 AM,0,,
2991,80,,Four Wheel Alignment,Sublet,**IN-HOUSE - 15678,1,0,,,1,4/18/2024 12:00:00 AM,0,,
3000,0,91501-S04-003,"CLIP, FENDER (INNER)",OEM,Swickard Acura of Thousand Oaks - 15678,0,0,,,11,5/1/2024 12:00:00 AM,0,,
3000,2,78031-SDA-A90,RT Air bag label,OEM,Swickard Acura of Thousand Oaks - 15678,1,1,5/1/2024 4:20:42 PM,5/2/2024 12:00:00 AM,1,5/2/2024 12:00:00 AM,0,,
3000,7,71102-TZ5-A00,RT Grille,OEM,Swickard Acura of Thousand Oaks - 15678,1,1,4/16/2024 9:34:58 AM,4/17/2024 12:00:00 AM,1,4/16/2024 12:00:00 AM,0,,
3000,8,AC1095103C,Lower cover,Aftermarket,Keystone - Complete - Santa Fe Springs - 3,1,1,4/16/2024 9:33:20 AM,4/17/2024 12:00:00 AM,1,4/17/2024 12:00:00 AM,0,,
3000,9,71140-TZ5-A00,RT H'lamp bracket,OEM,Swickard Acura of Thousand Oaks - 15678,1,1,5/1/2024 11:24:56 AM,5/2/2024 12:00:00 AM,1,5/1/2024 12:00:00 AM,0,,
3000,10,91505-TM8-003,Bumper cover clip,OEM,Swickard Acura of Thousand Oaks - 15678,6,6,5/1/2024 11:24:56 AM,5/2/2024 12:00:00 AM,6,5/1/2024 12:00:00 AM,0,,
3000,13,~382550928,RT Headlamp assy,LKQ,LKQ - 15678,1,1,4/16/2024 9:33:53 AM,4/16/2024 12:00:00 AM,1,4/23/2024 12:00:00 AM,0,,
3000,17,91512SX0003,RT Fender liner clip,OEM,Swickard Acura of Thousand Oaks - 15678,11,11,5/1/2024 11:24:56 AM,5/2/2024 12:00:00 AM,0,,0,,
3000,18,AC1241124PP,RT Fender,Aftermarket,Keystone - Complete - Santa Fe Springs - 3,1,1,4/16/2024 9:33:20 AM,4/17/2024 12:00:00 AM,1,4/17/2024 12:00:00 AM,0,,
3000,24,91570-SZA-305,RT Side molding clip,OEM,Swickard Acura of Thousand Oaks - 15678,4,4,5/1/2024 11:24:56 AM,5/2/2024 12:00:00 AM,4,5/1/2024 12:00:00 AM,0,,
3000,27,84211-TZ5-A03ZB,RT Scuff plate rear,OEM,Swickard Acura of Thousand Oaks - 15678,1,1,5/1/2024 11:24:56 AM,5/2/2024 12:00:00 AM,1,5/1/2024 12:00:00 AM,0,,
3000,38,72430-TZ5-A11ZA,RT Applique,OEM,Swickard Acura of Thousand Oaks - 15678,1,1,4/16/2024 9:34:58 AM,4/17/2024 12:00:00 AM,1,4/16/2024 12:00:00 AM,0,,
3000,39,72425-TZ5-A01,RT Window molding,OEM,Swickard Acura of Thousand Oaks - 15678,1,1,4/16/2024 9:34:58 AM,4/17/2024 12:00:00 AM,1,4/16/2024 12:00:00 AM,0,,
3000,43,67410-TX4-H02ZZ,RT Upper hinge,OEM,Swickard Acura of Thousand Oaks - 15678,1,1,4/16/2024 9:34:58 AM,4/17/2024 12:00:00 AM,1,4/16/2024 12:00:00 AM,0,,
3000,45,67420-TX4-H02ZZ,RT Lower hinge,OEM,Swickard Acura of Thousand Oaks - 15678,1,1,4/16/2024 9:34:58 AM,4/17/2024 12:00:00 AM,1,4/16/2024 12:00:00 AM,0,,
3000,47,67010TZ5A80ZZ,RT Door shell (HSS),LKQ,LKQ - 15678,1,1,4/23/2024 1:53:52 PM,4/23/2024 12:00:00 AM,1,4/29/2024 12:00:00 AM,0,,
3000,50,72410-TZ5-A01,RT Belt molding,OEM,Swickard Acura of Thousand Oaks - 15678,1,1,5/1/2024 11:24:56 AM,5/2/2024 12:00:00 AM,1,5/1/2024 12:00:00 AM,0,,
3000,51,~370967655,"RT Handle, outside",LKQ,LKQ - 15678,1,1,5/1/2024 11:25:13 AM,5/1/2024 12:00:00 AM,1,5/3/2024 12:00:00 AM,0,,
3000,57,75890-TZ5-A00,RT Stone guard,OEM,Swickard Acura of Thousand Oaks - 15678,1,1,4/16/2024 9:34:58 AM,4/17/2024 12:00:00 AM,1,4/16/2024 12:00:00 AM,0,,
3000,58,72910-TZ5-A01,RT Belt molding,OEM,Swickard Acura of Thousand Oaks - 15678,1,1,5/1/2024 11:24:56 AM,5/2/2024 12:00:00 AM,1,5/1/2024 12:00:00 AM,0,,
3000,61,72810-TZ5-A01,RT Door w'strip,OEM,Swickard Acura of Thousand Oaks - 15678,1,1,5/1/2024 11:24:56 AM,5/2/2024 12:00:00 AM,1,5/1/2024 12:00:00 AM,0,,
3000,66,,"FEATHER EDGE, PRIME & BLOCK",Aftermarket,,1,0,,,0,,0,,
3000,74,,ADAS SAFETY RESEARCH,Sublet,,1,0,,,0,,0,,
3000,75,,SYSTEM CALIBRATIONS,Sublet,,1,0,,,0,,0,,
3003,0,D2BZ17E810CA,COVER,OEM,GALPIN MOTOR - 15678,0,0,,,1,4/30/2024 12:00:00 AM,1,,
3003,0,FO1041120,Bumper Cover Support,Aftermarket,Keystone - Complete - Santa Fe Springs - 3,0,0,,,1,4/22/2024 12:00:00 AM,1,,
3003,0,~376207452,Latch w/anti theft,LKQ,LKQ - 15678,0,1,4/19/2024 3:13:58 PM,4/19/2024 12:00:00 AM,1,4/23/2024 12:00:00 AM,1,,
3003,0,C1BZ1007A,"RT/Front Wheel, alloy type 2",Opt OEM (new),PRICE FORD - 15678,0,0,,,1,5/2/2024 12:00:00 AM,1,,
3003,0,CORE,CORE,OEM,PRICE FORD - 15678,0,0,,,1,5/2/2024 12:00:00 AM,1,,
3003,8,FO1041120,Filler panel,Aftermarket,Keystone - Complete - Santa Fe Springs - 3,1,1,4/19/2024 3:13:09 PM,4/22/2024 12:00:00 AM,1,4/22/2024 12:00:00 AM,0,,
3003,9,C1BZ8213B,Ornament,OEM,PRICE FORD - 15678,1,0,,,1,4/20/2024 12:00:00 AM,0,,
3003,10,D2BZ17E810CA,Upper grille,Opt OEM (new),PRICE FORD - 15678,1,0,,,1,4/30/2024 12:00:00 AM,0,,
3003,11,D2BZ16B990B,Seal,OEM,PRICE FORD - 15678,1,0,,,1,4/20/2024 12:00:00 AM,0,,
3003,12,~373115597,Impact bar (UHS),LKQ,LKQ - 15678,1,1,4/19/2024 3:13:58 PM,4/19/2024 12:00:00 AM,1,4/23/2024 12:00:00 AM,1,,
3003,12,D2BZ17757A,Impact bar (UHS),Opt Oem,PRICE FORD - 15678,1,0,,,1,4/30/2024 12:00:00 AM,0,,
3003,13,D2BZ17757BB,Bumper cover,Opt OEM (new),PRICE FORD - 15678,1,0,,,2,4/30/2024 12:00:00 AM,1,,
3003,16,SR390S,RT Headlamp assy w/o reflect design,LKQ,LKQ - 15678,1,1,4/19/2024 3:13:58 PM,4/19/2024 12:00:00 AM,1,4/23/2024 12:00:00 AM,0,,
3003,17,~382954886,LT Headlamp assy w/o reflect design,LKQ,LKQ - 15678,1,1,4/19/2024 3:13:58 PM,4/19/2024 12:00:00 AM,1,4/23/2024 12:00:00 AM,0,,
3003,19,CE8Z16138E,Radiator support w/1.6 turbo,Opt OEM (new),PRICE FORD - 15678,1,0,,,2,4/30/2024 12:00:00 AM,1,,
3003,23,D2BZ58001A04A,Upper shield,OEM,PRICE FORD - 15678,1,0,,,1,4/20/2024 12:00:00 AM,0,,
3003,24,AE8Z16C750A,Center support,OEM,PRICE FORD - 15678,1,0,,,1,4/20/2024 12:00:00 AM,0,,
3003,26,D2BZ6K784A,RT Intercooler rear bracket,OEM,GALPIN MOTOR - 15678,1,0,,,1,5/6/2024 12:00:00 AM,0,,
3003,27,D2BZ6K784C,Intercooler lower bracket,OEM,GALPIN MOTOR - 15678,1,0,,,1,5/6/2024 12:00:00 AM,0,,
3003,28,D2BZ6K784B,LT Intercooler rear bracket,OEM,GALPIN MOTOR - 15678,1,0,,,1,5/6/2024 12:00:00 AM,0,,
3003,30,300231PB,Condenser,Aftermarket,1-800-Radiator Cal South - 15678,1,1,5/1/2024 10:06:52 AM,5/2/2024 12:00:00 AM,1,5/1/2024 12:00:00 AM,0,,
3003,32,D2BZ16700B,Latch w/anti theft,OEM,PRICE FORD - 15678,1,0,,,1,4/30/2024 12:00:00 AM,0,,
3003,33,~380828317,hood,LKQ,LKQ - 15678,1,1,4/19/2024 3:13:58 PM,4/19/2024 12:00:00 AM,1,4/24/2024 12:00:00 AM,0,,
3003,36,D2BZ16738A,Insulator,OEM,PRICE FORD - 15678,1,0,,,1,4/20/2024 12:00:00 AM,0,,
3003,37,BE8Z16B990A,Front seal,OEM,PRICE FORD - 15678,1,0,,,1,4/20/2024 12:00:00 AM,0,,
3003,38,W700671S300,Insulator retainer,OEM,PRICE FORD - 15678,10,0,,,10,4/20/2024 12:00:00 AM,0,,
3003,40,P55777,RT Fender w/rocker molding (HSS),Aftermarket,Pacific Auto Company - 15678,1,1,4/19/2024 12:12:33 PM,4/21/2024 12:00:00 AM,1,4/22/2024 12:00:00 AM,0,,
3003,47,3968_2252,"RT/Front Wheel, alloy 15 spoke",Opt Oem,,1,0,,,0,,0,,
3003,49,FR3Z14B004A,RT Ft impact sensor from 08/11/2014,OEM,PRICE FORD - 15678,1,0,,,1,4/20/2024 12:00:00 AM,0,,
3003,53,AE8Z5429710D,RT Vent glass w/bright molding Ford,Glass,AIRTIGHT AUTO GLASS - 15678,1,0,,,1,5/6/2024 12:00:00 AM,0,,
3003,70,,Tire Mount & Wheel Balance,Sublet,,1,0,,,0,,0,,
3003,71,,Four Wheel Alignment,Sublet,Jim's Tire Center - 15678,1,0,,,1,5/7/2024 12:00:00 AM,0,,
3003,72,,GLASS SEAL KIT,FIX ME,AIRTIGHT AUTO GLASS - 15678,1,0,,,1,5/6/2024 12:00:00 AM,0,,
3009,2,KS7Z17788A,LT Inner bracket,OEM,PRICE FORD - 15678,1,1,4/17/2024 8:19:05 AM,4/17/2024 12:00:00 AM,1,4/19/2024 12:00:00 AM,0,,
3011,0,92435-P2000B4U,GARNISH,OEM,1ST KIA - 15678,0,0,,,1,5/1/2024 12:00:00 AM,0,,
3011,0,02287A,WHEEL,LKQ,LKQ - 15678,0,0,,,1,4/29/2024 12:00:00 AM,1,,
3011,0,YW38PAKAB,"LT/Front Wheel, alloy 17"" code WFE",LKQ,LKQ - 15678,0,1,4/23/2024 3:42:31 PM,4/23/2024 12:00:00 AM,1,4/29/2024 12:00:00 AM,1,,
3011,4,CH1000870,Bumper cover w/fog lamps,Aftermarket,Keystone - Complete - Santa Fe Springs - 3,1,1,4/23/2024 3:39:41 PM,4/30/2024 12:00:00 AM,2,5/6/2024 12:00:00 AM,1,,
3011,8,CH2518118C,LT Headlamp,Aftermarket,Keystone - Complete - Santa Fe Springs - 3,1,1,4/23/2024 3:39:41 PM,4/30/2024 12:00:00 AM,1,4/29/2024 12:00:00 AM,0,,
3011,10,CH2592137C,LT Fog lamp w/o SRT4,Aftermarket,Pacific Auto Company - 15678,1,1,4/23/2024 3:34:34 PM,4/23/2024 12:00:00 AM,1,4/24/2024 12:00:00 AM,0,,
3011,13,CH1240250PP,LT Fender,Aftermarket,Keystone - Complete - Santa Fe Springs - 3,1,1,4/23/2024 3:39:41 PM,4/30/2024 12:00:00 AM,1,4/24/2024 12:00:00 AM,0,,
3011,17,5303867AF,LT Fender liner,OEM,SHAVER AUTOMOTIVE GROUP - 15678,1,1,4/23/2024 3:41:47 PM,4/23/2024 12:00:00 AM,1,4/25/2024 12:00:00 AM,0,,
3011,18,5160276AC,LT Baffle,OEM,SHAVER AUTOMOTIVE GROUP - 15678,1,1,4/23/2024 3:41:47 PM,4/23/2024 12:00:00 AM,0,,0,,
3011,19,5116530AA,Fender liner pin,OEM,SHAVER AUTOMOTIVE GROUP - 15678,6,6,4/23/2024 3:41:47 PM,4/23/2024 12:00:00 AM,6,4/24/2024 12:00:00 AM,0,,
3011,25,5026988AC,High note horn,OEM,SHAVER AUTOMOTIVE GROUP - 15678,1,1,4/23/2024 3:41:47 PM,4/23/2024 12:00:00 AM,1,5/1/2024 12:00:00 AM,0,,
3011,26,,MICHELLIN DEFENDER 2 215-55-R18,FIX ME,Jim's Tire Center - 15678,1,1,4/23/2024 3:44:15 PM,4/23/2024 12:00:00 AM,0,,0,,
3011,27,68004360AA,Fuse box cover,OEM,SHAVER AUTOMOTIVE GROUP - 15678,1,1,4/23/2024 3:41:47 PM,4/23/2024 12:00:00 AM,1,4/24/2024 12:00:00 AM,0,,
3011,28,5293163AA,Relay,OEM,Autozone - 15678,1,0,,,1,5/1/2024 12:00:00 AM,0,,
3011,28,5293163AA,Relay,OEM,SHAVER AUTOMOTIVE GROUP - 15678,1,1,4/30/2024 11:21:30 AM,4/30/2024 12:00:00 AM,0,,0,,
3011,30,YW38PAKAB,"RT/Front Wheel, alloy 17"" code WFE",Re-Cored,Wheels America - 15678,1,0,,,1,5/3/2024 12:00:00 AM,0,,
3011,33,5085461AB,LT Font Suspension Assy,LKQ,LKQ - 15678,1,1,4/23/2024 3:42:31 PM,4/23/2024 12:00:00 AM,2,5/2/2024 12:00:00 AM,1,,
3011,34,5085220AE,LT Axle assy 2.4 liter w/o turbo,Aftermarket,FAST UNDER CAR - 15678,1,0,,,1,5/6/2024 12:00:00 AM,0,,
3011,40,5179961AA,LT Window motor,LKQ,LKQ - 15678,1,0,,,1,5/2/2024 12:00:00 AM,0,,
3011,48,,Cover Car for Primer,FIX ME,,1,0,,,0,,0,,
3011,50,,Four Wheel Alignment,Sublet,,1,0,,,0,,0,,
3011,51,,Tire Mount & Wheel Balance,Sublet,,1,0,,,0,,0,,
3015,3,KI1115125C,Rear Lwr Bumper Cover,Aftermarket,Keystone - Complete - Santa Fe Springs - 3,1,1,4/17/2024 4:51:17 PM,4/17/2024 12:00:00 AM,1,4/19/2024 12:00:00 AM,0,,
3016,2,84661551,RT Side spoiler,OEM,ANTELOPE VALLEY CHEVROLET - 15678,1,1,4/17/2024 4:35:14 PM,4/17/2024 12:00:00 AM,1,4/18/2024 12:00:00 AM,1,,
3021,3,FO1002428DSC,Bumper w/o fog lamps primed,Opt Oem,LIN'S AUTO DISMANTLING - 15678,1,1,4/29/2024 8:49:20 AM,4/29/2024 12:00:00 AM,1,4/29/2024 12:00:00 AM,0,,
3021,14,FL3Z16720A,"RT Nameplate ""F-150 XL""",OEM,PRICE FORD - 15678,1,1,4/29/2024 8:49:56 AM,4/29/2024 12:00:00 AM,1,4/30/2024 12:00:00 AM,0,,
3021,19,,TIRE 245/70R17 GENERAL,FIX ME,Jim's Tire Center - 15678,1,0,,,1,5/8/2024 12:00:00 AM,0,,
3021,20,AL3Z1015B,"RT/Front Wheel, steel type 1",LKQ,LIN'S AUTO DISMANTLING - 15678,1,0,,,1,5/3/2024 12:00:00 AM,0,,
3021,30,,SIERRA COMMERCIAL PLUMBING DECAL +25%,Sublet,FAST SIGNS - 15678,1,0,,,1,5/10/2024 12:00:00 AM,0,,
3021,41,,Four Wheel Alignment,Sublet,BIG BRAND - 15678,1,0,,,1,5/8/2024 12:00:00 AM,0,,
3021,42,,Tire Mount & Wheel Balance,Sublet,Jim's Tire Center - 15678,1,0,,,1,5/8/2024 12:00:00 AM,0,,
3021,43,,State Required Tire Disposal Fee,FIX ME,Jim's Tire Center - 15678,1,0,,,1,5/8/2024 12:00:00 AM,0,,
3021,44,,Waste Tire Disposal Charge,FIX ME,Jim's Tire Center - 15678,1,0,,,1,5/8/2024 12:00:00 AM,0,,
3028,6,FO1015127C,Frt Lwr Bumper Cover,Aftermarket,Keystone - Complete - Santa Fe Springs - 3,1,1,4/23/2024 8:33:37 AM,4/23/2024 12:00:00 AM,1,4/24/2024 12:00:00 AM,0,,
3028,12,FO1240301PP,L Fender Panel,Aftermarket,Keystone - Complete - Santa Fe Springs - 3,1,1,4/23/2024 8:33:37 AM,4/23/2024 12:00:00 AM,1,4/24/2024 12:00:00 AM,0,,
3028,16,FO1290130C,L Fender Wheel Opening Mldg,Aftermarket,Keystone - Complete - Santa Fe Springs - 3,1,1,4/23/2024 8:33:37 AM,4/23/2024 12:00:00 AM,1,4/24/2024 12:00:00 AM,0,,
3028,18,Sublet,Alloy Wheel,Sublet,,1,0,,,0,,0,,
3028,33,Sublet,Mount & Balance Tire,Sublet,,1,0,,,0,,0,,
3028,36,Sublet,4 WHEEL ALIGNMENT,Sublet,,1,0,,,0,,0,,
3032,2,19256801,"Frame assy 2WD, extended cab Z85-std chassis pkg",OEM,,1,0,,,0,,0,,
3032,10,GM1900120C,Tail gate,Aftermarket,,1,0,,,0,,0,,
3032,13,15207233,"Nameplate ""COLORADO LS""",OEM,,1,0,,,0,,0,,
3032,14,25956454,RT Outer panel,OEM,,1,0,,,0,,0,,
3032,21,GM2801164C,RT Tail lamp assy OEM,Aftermarket,,1,0,,,0,,0,,
3032,23,GM1103146DSC,Step pad center w/o Z82,Aftermarket,,1,0,,,0,,0,,
3032,35,,Cover Car for Primer,FIX ME,,1,0,,,0,,0,,
3037,3,ADL0020,Emission label,Aftermarket,Auto Data Labels  - 15678,1,0,,,1,4/29/2024 12:00:00 AM,0,,
3037,3,ADL0020,Emission label,Aftermarket,LKQ - 15678,1,1,4/23/2024 3:00:55 PM,4/23/2024 12:00:00 AM,0,,0,,
3037,6,42497965,RT Side retainer,OEM,ANTELOPE VALLEY CHEVROLET - 15678,1,0,,,1,5/8/2024 12:00:00 AM,0,,
3037,7,1481974,RT Side retainer rivet,Aftermarket,,2,0,,,0,,0,,
3037,11,~383299520,hood,LKQ,LKQ - 15678,1,1,4/23/2024 3:00:55 PM,4/23/2024 12:00:00 AM,1,5/3/2024 12:00:00 AM,1,,
3037,15,~378792199,RT fender assy,LKQ,LKQ - 15678,1,1,4/23/2024 3:00:55 PM,4/23/2024 12:00:00 AM,2,5/9/2024 12:00:00 AM,1,,
3037,23,95491330,RT Side shield 1.8 liter,OEM,ANTELOPE VALLEY CHEVROLET - 15678,1,0,,,1,5/8/2024 12:00:00 AM,1,,
3037,24,11612035,RT Side shield retainer,OEM,ANTELOPE VALLEY CHEVROLET - 15678,1,0,,,1,5/8/2024 12:00:00 AM,0,,
3037,27,95127306,RT Belt w'strip w/chrome,OEM,ANTELOPE VALLEY CHEVROLET - 15678,1,0,,,1,5/8/2024 12:00:00 AM,0,,
3037,40,,Cover Car for Primer,FIX ME,,1,0,,,0,,0,,
3040,8,KI1241137PP,RT Fender (HSS),Aftermarket,Keystone - Complete - Santa Fe Springs - 3,1,1,4/24/2024 3:22:57 PM,4/25/2024 12:00:00 AM,1,4/25/2024 12:00:00 AM,0,,
3040,26,,"FEATHER EDGE, PRIME & BLOCK",Aftermarket,**IN-HOUSE - 15678,1,0,,,1,5/7/2024 12:00:00 AM,0,,
3040,32,,CLEAR HANDLE POCKET PROTECTOR,Aftermarket,**IN-HOUSE - 15678,1,0,,,1,5/7/2024 12:00:00 AM,0,,
3040,33,,CLEAR DOOR EDGE GUARD,Aftermarket,**IN-HOUSE - 15678,1,0,,,1,5/7/2024 12:00:00 AM,0,,
3040,35,,R&I VENT GLASS,Sublet,AIRTIGHT AUTO GLASS - 15678,1,0,,,1,5/7/2024 12:00:00 AM,0,,
3040,36,,ADAS SEAFETY RESEARCH,Sublet,ASTECH - 15678,1,0,,,1,5/7/2024 12:00:00 AM,0,,
3040,37,,CALIBRATE PASS SEAT WEIGHT SENSOR,Sublet,PRO TECH DIAGNOSTICS - 15678,1,0,,,1,5/7/2024 12:00:00 AM,0,,
3042,3,5211912994,Bumper cover,OEM,Simi Valley Toyota - 15678,1,1,4/24/2024 11:00:06 AM,4/24/2024 12:00:00 AM,1,4/25/2024 12:00:00 AM,0,,
3042,5,5339502240,Front seal,OEM,Simi Valley Toyota - 15678,1,1,4/24/2024 11:00:06 AM,4/24/2024 12:00:00 AM,1,4/25/2024 12:00:00 AM,0,,
3042,6,5211502480,RT Side retainer,OEM,Simi Valley Toyota - 15678,1,1,4/24/2024 11:00:06 AM,4/24/2024 12:00:00 AM,1,4/25/2024 12:00:00 AM,0,,
3042,7,9046705170,Bumper cover clip,OEM,Simi Valley Toyota - 15678,2,2,4/24/2024 11:00:06 AM,4/24/2024 12:00:00 AM,2,4/25/2024 12:00:00 AM,0,,
3042,10,9046707217,Sight shield clip,OEM,Simi Valley Toyota - 15678,8,8,4/24/2024 11:00:06 AM,4/24/2024 12:00:00 AM,8,4/25/2024 12:00:00 AM,0,,
3042,14,7556133030,RT Drip molding clip,OEM,Simi Valley Toyota - 15678,2,2,4/24/2024 11:00:06 AM,4/24/2024 12:00:00 AM,2,4/25/2024 12:00:00 AM,0,,
3042,16,9046722015,RT Rocker molding clip,OEM,Simi Valley Toyota - 15678,3,3,4/24/2024 11:00:06 AM,4/24/2024 12:00:00 AM,3,4/25/2024 12:00:00 AM,0,,
3042,18,9018904059,RT Rocker molding grommet #1,OEM,Simi Valley Toyota - 15678,4,4,4/24/2024 11:00:06 AM,4/24/2024 12:00:00 AM,4,4/25/2024 12:00:00 AM,0,,
3042,19,90189A0008,RT Rocker molding grommet #2,OEM,Simi Valley Toyota - 15678,2,2,4/24/2024 11:00:06 AM,4/24/2024 12:00:00 AM,2,4/25/2024 12:00:00 AM,0,,
3042,20,9018906006,RT Rocker molding grommet #3,OEM,Simi Valley Toyota - 15678,2,2,4/24/2024 11:00:06 AM,4/24/2024 12:00:00 AM,2,4/25/2024 12:00:00 AM,0,,
3042,25,7573012441,RT Belt molding,OEM,Simi Valley Toyota - 15678,1,1,4/24/2024 11:00:06 AM,4/24/2024 12:00:00 AM,1,4/25/2024 12:00:00 AM,0,,
3052,0,DS7Z16138C,Mount panel Flat Rock plant,OEM,GALPIN MOTOR - 15678,0,1,4/26/2024 3:59:39 PM,4/26/2024 12:00:00 AM,0,,0,,
3052,6,FO1000681C,Bumper cover w/auto park w/o tow hook,Aftermarket,Keystone - Complete - Santa Fe Springs - 3,1,1,4/26/2024 3:57:55 PM,4/26/2024 12:00:00 AM,3,5/1/2024 12:00:00 AM,2,,
3052,9,DS7Z8213A,Emblem,OEM,GALPIN MOTOR - 15678,1,1,4/26/2024 3:59:39 PM,4/26/2024 12:00:00 AM,1,4/26/2024 12:00:00 AM,0,,
3052,10,W707501S900,Emblem nut,OEM,GALPIN MOTOR - 15678,2,2,4/26/2024 3:59:39 PM,4/26/2024 12:00:00 AM,2,4/26/2024 12:00:00 AM,0,,
3052,11,DS7Z17C947B,LT Side retainer,OEM,GALPIN MOTOR - 15678,1,1,4/26/2024 3:59:39 PM,4/26/2024 12:00:00 AM,1,4/26/2024 12:00:00 AM,0,,
3052,12,DS7Z17E857A,LT Front retainer,OEM,GALPIN MOTOR - 15678,1,1,4/26/2024 3:59:39 PM,4/26/2024 12:00:00 AM,1,4/26/2024 12:00:00 AM,0,,
3052,14,W705297S300,License bracket rivet,OEM,GALPIN MOTOR - 15678,4,4,4/26/2024 3:59:39 PM,4/26/2024 12:00:00 AM,4,4/26/2024 12:00:00 AM,0,,
3052,16,ES7Z17754A,Absorber,OEM,GALPIN MOTOR - 15678,1,1,4/26/2024 3:59:39 PM,4/26/2024 12:00:00 AM,1,4/26/2024 12:00:00 AM,0,,
3052,18,DS7Z13008B,LT Headlamp assy,OEM,GALPIN MOTOR - 15678,1,1,4/26/2024 3:59:39 PM,4/26/2024 12:00:00 AM,1,4/26/2024 12:00:00 AM,0,,
3052,20,4F9Z15200AA,LT Fog lamp assy,OEM,GALPIN MOTOR - 15678,1,1,4/26/2024 3:59:39 PM,4/26/2024 12:00:00 AM,1,4/26/2024 12:00:00 AM,0,,
3052,22,DS7Z15266B,LT Mount bracket,OEM,GALPIN MOTOR - 15678,1,1,4/26/2024 3:59:39 PM,4/26/2024 12:00:00 AM,1,4/30/2024 12:00:00 AM,0,,
3052,24,DS7Z16138B,Mount panel Hermosillo plant,OEM,GALPIN MOTOR - 15678,1,0,,,1,4/26/2024 12:00:00 AM,0,,
3052,25,DS7Z8A284A,Upper tie bar,OEM,GALPIN MOTOR - 15678,1,1,4/26/2024 3:59:39 PM,4/26/2024 12:00:00 AM,1,4/26/2024 12:00:00 AM,0,,
3052,31,DS7Z16006A,LT Fender,OEM,GALPIN MOTOR - 15678,1,1,4/26/2024 3:59:39 PM,4/26/2024 12:00:00 AM,1,4/26/2024 12:00:00 AM,0,,
3052,37,ALYFK016U79,"LT/Front Wheel, alloy type 1",Re-Manufactured,M&L Wheels and Bumpers - 15678,1,0,,,1,5/1/2024 12:00:00 AM,0,,
3052,41,W716503S300,LT Rocker molding clip,OEM,GALPIN MOTOR - 15678,8,8,4/26/2024 3:59:39 PM,4/26/2024 12:00:00 AM,8,4/26/2024 12:00:00 AM,0,,
3052,42,W716350S300,LT Rocker molding retainer,OEM,GALPIN MOTOR - 15678,8,8,4/26/2024 3:59:39 PM,4/26/2024 12:00:00 AM,8,4/26/2024 12:00:00 AM,0,,
3052,59,,Front Wheel Alignment,Sublet,Jim's Tire Center - 15678,1,0,,,1,4/26/2024 12:00:00 AM,0,,
3052,60,,Tire Mount & Wheel Balance,Sublet,**IN-HOUSE - 15678,1,0,,,1,5/2/2024 12:00:00 AM,0,,
3053,0,~370431431,"RT Mirror outside power, w/signal, w/puddle lamp w/heat",LKQ,LKQ - 15678,0,2,4/26/2024 10:21:06 AM,4/26/2024 12:00:00 AM,1,4/29/2024 12:00:00 AM,1,,
3053,8,BB5Z16038AA,RT Wheel flare,OEM,GALPIN MOTOR - 15678,1,1,5/1/2024 10:55:50 AM,5/1/2024 12:00:00 AM,1,5/1/2024 12:00:00 AM,0,,
3053,10,BB5Z1007B,"RT/Front Wheel, alloy 5 spoke",Re-Cored,M&L Wheels and Bumpers - 15678,1,0,,,1,5/6/2024 12:00:00 AM,0,,
3053,18,JB5Z7820124B,RT Door shell,LKQ,LKQ - 15678,1,2,4/26/2024 10:21:06 AM,4/26/2024 12:00:00 AM,2,5/3/2024 12:00:00 AM,1,,
3053,21,BB5Z7820878BA,RT Lower molding carbon/chrome,OEM,GALPIN MOTOR - 15678,1,1,4/26/2024 10:21:43 AM,4/26/2024 12:00:00 AM,1,4/26/2024 12:00:00 AM,0,,
3053,22,BB5Z7820554AC,RT Applique w/o keyless entry pad,OEM,GALPIN MOTOR - 15678,1,1,4/26/2024 10:21:43 AM,4/26/2024 12:00:00 AM,1,4/26/2024 12:00:00 AM,0,,
3053,23,BB5Z7827742A,RT Black out tape,OEM,GALPIN MOTOR - 15678,1,1,4/26/2024 10:21:43 AM,4/26/2024 12:00:00 AM,1,4/26/2024 12:00:00 AM,0,,
3053,24,BB5Z17682EAPTM,"RT Mirror outside power, w/signal, w/puddle lamp,w/memory w/heat",OEM,GALPIN MOTOR - 15678,1,1,5/6/2024 1:52:59 PM,5/6/2024 12:00:00 AM,0,,0,,
3053,36,BB5Z7825324B,RT Front w'strip,OEM,GALPIN MOTOR - 15678,1,1,5/1/2024 10:55:50 AM,5/1/2024 12:00:00 AM,1,5/1/2024 12:00:00 AM,0,,
3053,38,,4 WHEEL ALIGNMENT,Sublet,Jim's Tire Center - 15678,1,0,,,1,5/1/2024 12:00:00 AM,0,,
3053,46,,TIRE MOUNT & BALANCE,Sublet,,1,0,,,0,,0,,
3054,2,15131269,RT Outer panel Chevrolet,OEM,ANTELOPE VALLEY CHEVROLET - 15678,1,1,4/26/2024 2:43:29 PM,4/26/2024 12:00:00 AM,1,4/27/2024 12:00:00 AM,0,,
3054,9,15952188,RT Stone guard front Chevrolet,OEM,ANTELOPE VALLEY CHEVROLET - 15678,1,1,4/26/2024 2:43:29 PM,4/26/2024 12:00:00 AM,1,4/27/2024 12:00:00 AM,0,,
3054,10,25783544,RT Stone guard rear Chevrolet,OEM,ANTELOPE VALLEY CHEVROLET - 15678,1,1,4/26/2024 2:43:29 PM,4/26/2024 12:00:00 AM,1,4/27/2024 12:00:00 AM,0,,
3054,13,20840272,RT Combo lamp assy Chevrolet w/921 backup bulb,OEM,ANTELOPE VALLEY CHEVROLET - 15678,1,1,4/26/2024 2:43:29 PM,4/26/2024 12:00:00 AM,1,4/27/2024 12:00:00 AM,0,,
3054,15,22932803,"Bumper assy chrome, 1/2 ton w/o reverse sensor",Aftermarket,ANTELOPE VALLEY CHEVROLET - 15678,1,0,,,2,5/8/2024 12:00:00 AM,1,,
3054,15,GM1103147C,"Bumper assy chrome, 1/2 ton w/o reverse sensor",Aftermarket,Keystone - Complete - Santa Fe Springs - 3,1,1,4/26/2024 2:46:04 PM,4/26/2024 12:00:00 AM,0,,0,,
3055,2,85576158,Applique panel w/surround view labeled: 84983541,OEM,ANTELOPE VALLEY CHEVROLET - 15678,1,1,5/8/2024 11:39:30 AM,5/8/2024 12:00:00 AM,0,,0,,
3058,4,4261112D10,"RT/Rear Wheel, alloy",Sublet,,1,0,,,0,,0,,
3058,16,7692112070B0,RT Protector gray,OEM,Simi Valley Toyota - 15678,1,1,4/29/2024 3:02:15 PM,4/29/2024 12:00:00 AM,1,5/1/2024 12:00:00 AM,0,,
3058,17,7589512100,RT Protector tape,OEM,Simi Valley Toyota - 15678,1,1,4/29/2024 3:02:15 PM,4/29/2024 12:00:00 AM,1,5/1/2024 12:00:00 AM,0,,
3058,32,7592312120,RT Black out tape upper,OEM,Simi Valley Toyota - 15678,1,1,4/29/2024 3:02:15 PM,4/29/2024 12:00:00 AM,1,5/1/2024 12:00:00 AM,0,,
3058,33,7592512060,RT Black out tape rear,OEM,Simi Valley Toyota - 15678,1,1,4/29/2024 3:02:15 PM,4/29/2024 12:00:00 AM,1,5/1/2024 12:00:00 AM,0,,
3058,34,7576112060,RT Molding,OEM,Simi Valley Toyota - 15678,1,1,4/29/2024 3:02:15 PM,4/29/2024 12:00:00 AM,1,5/1/2024 12:00:00 AM,0,,
3058,35,6700312B70,RT Door shell (HSS),LKQ,LKQ - 15678,1,1,4/29/2024 3:03:00 PM,4/29/2024 12:00:00 AM,2,5/7/2024 12:00:00 AM,1,,
3058,39,6160112B70,RT Quarter panel,OEM,Simi Valley Toyota - 15678,1,1,4/29/2024 3:02:15 PM,4/29/2024 12:00:00 AM,1,5/1/2024 12:00:00 AM,0,,
3058,42,6271012A20,RT Quarter glass Toyota,Glass,Simi Valley Toyota - 15678,1,1,5/6/2024 3:33:36 PM,5/6/2024 12:00:00 AM,1,5/7/2024 12:00:00 AM,0,,
3058,47,5874112210,RT Protector,OEM,Simi Valley Toyota - 15678,1,1,4/29/2024 3:02:15 PM,4/29/2024 12:00:00 AM,1,5/1/2024 12:00:00 AM,0,,
3058,68,7687312210B0,RT Spoiler assy protector gray,OEM,Simi Valley Toyota - 15678,1,1,4/29/2024 3:02:15 PM,4/29/2024 12:00:00 AM,1,5/1/2024 12:00:00 AM,0,,
3058,71,5257512190,RT Upper bracket,OEM,Simi Valley Toyota - 15678,1,1,5/8/2024 9:29:57 AM,5/8/2024 12:00:00 AM,0,,0,,
3058,73,,4 WHEEL ALIGNMENT,Sublet,Jim's Tire Center - 15678,1,0,,,1,5/6/2024 12:00:00 AM,0,,
3058,74,,ADHESION PROMOTOR,Aftermarket,**IN-HOUSE - 15678,1,0,,,1,5/2/2024 12:00:00 AM,0,,
3058,82,,MASK INTERIOR TO PROTECT,Aftermarket,**IN-HOUSE - 15678,1,0,,,1,5/2/2024 12:00:00 AM,0,,
3058,86,,SEAL KIT,Aftermarket,,1,0,,,0,,0,,
3058,89,,TIRE MOUNT & BALANCE,Sublet,,1,0,,,0,,0,,
3058,92,,CLEAR HANDLE POCKET PROTECTOR,Aftermarket,**IN-HOUSE - 15678,2,0,,,2,5/2/2024 12:00:00 AM,0,,
3058,93,,CLEAR DOOR EDGE GUARD,Aftermarket,**IN-HOUSE - 15678,2,0,,,2,5/2/2024 12:00:00 AM,0,,
3058,94,PT9385212030,SIDE MOLDING KIT,OEM,Simi Valley Toyota - 15678,1,1,4/29/2024 3:02:15 PM,4/29/2024 12:00:00 AM,1,5/1/2024 12:00:00 AM,0,,
3058,95,PT74712160RH,GRAPHIC DECALS,OEM,Simi Valley Toyota - 15678,1,1,4/29/2024 3:02:15 PM,4/29/2024 12:00:00 AM,1,5/2/2024 12:00:00 AM,0,,
3058,97,,ADAS SAFETY RESEARCH,Sublet,,1,0,,,0,,0,,
3063,4,~384734644,LT Headlamp assy,LKQ,LKQ - 15678,1,1,4/30/2024 1:52:12 PM,4/30/2024 12:00:00 AM,1,5/6/2024 12:00:00 AM,0,,
3063,9,5K6821021B,LT Fender,OEM,NEFTIN VOLKSWAGEN - 15678,1,1,4/30/2024 1:53:28 PM,4/30/2024 12:00:00 AM,1,5/2/2024 12:00:00 AM,0,,
3063,14,,LF TIRE,Aftermarket,,1,0,,,0,,0,,
3063,34,,CLEAN ADHESIVE FROM LF DOOR,FIX ME,,1,0,,,0,,0,,
3063,35,,LF DOOR CLEAR EDGE GUARD,FIX ME,,1,0,,,0,,0,,
3063,36,,Front Wheel Alignment,FIX ME,,1,0,,,0,,0,,
3063,37,,Tire Mount & Wheel Balance,Sublet,,1,0,,,0,,0,,
3066,5,FBM261CB0A,Lower cover,OEM,INFINITI OF THOUSAND OAKS - 15678,1,1,5/1/2024 10:54:32 AM,5/1/2024 12:00:00 AM,1,5/2/2024 12:00:00 AM,0,,
3066,15,638601CB0B,RT Wheel opng mldg,OEM,INFINITI OF THOUSAND OAKS - 15678,1,1,5/1/2024 10:54:32 AM,5/1/2024 12:00:00 AM,1,5/2/2024 12:00:00 AM,0,,
3069,8,84367307,Front bumper primed w/o prk wrng,OEM,ANTELOPE VALLEY CHEVROLET - 15678,1,0,,,1,5/1/2024 12:00:00 AM,0,,
3069,19,11516807,License bracket rivet,OEM,ANTELOPE VALLEY CHEVROLET - 15678,4,0,,,4,5/1/2024 12:00:00 AM,0,,
3069,21,85522781,RT Wheel opng mldg,OEM,ANTELOPE VALLEY CHEVROLET - 15678,1,0,,,1,5/1/2024 12:00:00 AM,0,,
3070,0,86611-3X001,Rear Bumper Cover,OEM,WESTLAKE HYUNDAI - 15678,0,1,5/3/2024 11:12:49 AM,5/6/2024 12:00:00 AM,0,,0,,
3070,0,866113X001,Rear Bumper Cover,OEM,WESTLAKE HYUNDAI - 15678,0,0,,,1,5/3/2024 12:00:00 AM,1,,
3070,6,C37611,Luggage Lid Panel,LKQ,LKQ - 15678,1,1,5/3/2024 11:13:37 AM,5/3/2024 12:00:00 AM,1,5/6/2024 12:00:00 AM,0,,
3070,12,86315-3X000,Luggage Lid Adhesive Nameplate,OEM,WESTLAKE HYUNDAI - 15678,1,1,5/3/2024 11:12:49 AM,5/6/2024 12:00:00 AM,2,5/7/2024 12:00:00 AM,1,,
3070,13,86320-3X000,Luggage Lid Adhesive Emblem,OEM,WESTLAKE HYUNDAI - 15678,1,1,5/3/2024 11:12:49 AM,5/6/2024 12:00:00 AM,2,5/7/2024 12:00:00 AM,1,,
3070,14,69100-3X000,Rear Body Panel,OEM,WESTLAKE HYUNDAI - 15678,1,1,5/3/2024 11:12:49 AM,5/6/2024 12:00:00 AM,2,5/7/2024 12:00:00 AM,1,,
3070,24,86611-3X001,Rear Bumper Cover,OEM,WESTLAKE HYUNDAI - 15678,1,0,,,1,5/7/2024 12:00:00 AM,0,,
3070,29,86631-3X000,Rear Bumper Impact Bar,OEM,WESTLAKE HYUNDAI - 15678,1,1,5/3/2024 11:12:49 AM,5/6/2024 12:00:00 AM,2,5/7/2024 12:00:00 AM,1,,
3070,30,3X027-ADU00,Rear Bumper Applique,OEM,WESTLAKE HYUNDAI - 15678,1,1,5/3/2024 11:12:49 AM,5/6/2024 12:00:00 AM,2,5/7/2024 12:00:00 AM,1,,
3072,0,52141-33120,R Frt Body Bumper Support,OEM,KEYES LEXUS (Lithia) - 15678,0,1,5/7/2024 3:55:30 PM,5/7/2024 12:00:00 AM,0,,0,,
3072,4,OE Discount,Frt Bumper Cover Assy,Opt OEM (new),KEYES LEXUS (Lithia) - 15678,1,0,,,1,5/6/2024 12:00:00 AM,0,,
3072,8,47749-06010,R Frt Bumper Clip,OEM,KEYES LEXUS (Lithia) - 15678,1,0,,,1,5/6/2024 12:00:00 AM,0,,
3072,9,47749-06010,L Frt Bumper Clip,OEM,KEYES LEXUS (Lithia) - 15678,1,0,,,1,5/6/2024 12:00:00 AM,0,,
3072,10,OE Discount,R Frt Bumper Stay,Opt OEM (new),KEYES LEXUS (Lithia) - 15678,1,0,,,1,5/6/2024 12:00:00 AM,0,,
3072,12,OE Discount,R Frt Combination Lamp,Opt OEM (new),KEYES LEXUS (Lithia) - 15678,1,0,,,1,5/6/2024 12:00:00 AM,0,,
3072,18,OE Discount,R Fender Panel,Opt OEM (new),KEYES LEXUS (Lithia) - 15678,1,0,,,1,5/6/2024 12:00:00 AM,0,,
3072,23,53835-33100,R Fender Bracket,OEM,KEYES LEXUS (Lithia) - 15678,1,0,,,1,5/6/2024 12:00:00 AM,0,,
3072,25,OE Discount,R Fender Liner,Opt OEM (new),KEYES LEXUS (Lithia) - 15678,1,0,,,1,5/6/2024 12:00:00 AM,0,,
3072,32,42611-33B71,Alloy Wheel,Sublet,M&L Wheels and Bumpers - 15678,1,0,,,1,5/7/2024 12:00:00 AM,0,,
3072,40,90269-A0006,R Frt Door Rivet,OEM,KEYES LEXUS (Lithia) - 15678,7,0,,,7,5/6/2024 12:00:00 AM,0,,
3072,48,,Mount & Balance Tire,Sublet,**IN-HOUSE - 15678,1,0,,,1,5/7/2024 12:00:00 AM,0,,
3072,52,,4 WHEEL ALIGNMENT,Sublet,Jim's Tire Center - 15678,1,0,,,1,5/2/2024 12:00:00 AM,0,,
3074,0,BUMPER CORE,BUMPER CORE,OEM,SHAVER AUTOMOTIVE GROUP - 15678,0,0,,,1,5/2/2024 12:00:00 AM,0,,
3074,2,68548978AA,Frt Bumper Cover,OEM,SHAVER AUTOMOTIVE GROUP - 15678,1,0,,,1,5/2/2024 12:00:00 AM,0,,
3074,4,68458297AB,L Frt Bumper Bracket Cover,OEM,SHAVER AUTOMOTIVE GROUP - 15678,1,0,,,1,5/2/2024 12:00:00 AM,0,,
3074,5,68598983AA,L Frt Combination Lamp Assembly,OEM,SHAVER AUTOMOTIVE GROUP - 15678,1,1,5/2/2024 11:05:46 AM,5/2/2024 12:00:00 AM,1,5/6/2024 12:00:00 AM,0,,
3074,7,68353121AA,L Front Side Marker Lamp Assembly,OEM,SHAVER AUTOMOTIVE GROUP - 15678,1,0,,,1,5/2/2024 12:00:00 AM,0,,
3074,12,68419787AE,L Fender Panel (HSS),OEM,SHAVER AUTOMOTIVE GROUP - 15678,1,0,,,1,5/2/2024 12:00:00 AM,0,,
3074,17,68341997AA,L Lwr Fender Bracket,OEM,SHAVER AUTOMOTIVE GROUP - 15678,1,1,5/2/2024 11:05:46 AM,5/2/2024 12:00:00 AM,1,5/6/2024 12:00:00 AM,0,,
3074,18,68402827AD,L Fender Mount Pad,OEM,SHAVER AUTOMOTIVE GROUP - 15678,1,1,5/2/2024 11:05:46 AM,5/2/2024 12:00:00 AM,0,,0,,
3074,19,68351549AF,L Fender Liner,OEM,SHAVER AUTOMOTIVE GROUP - 15678,1,1,5/2/2024 11:05:46 AM,5/2/2024 12:00:00 AM,1,5/6/2024 12:00:00 AM,0,,
3074,20,68565165AB,L Fender Wheel Opening Mldg,OEM,SHAVER AUTOMOTIVE GROUP - 15678,1,0,,,1,5/2/2024 12:00:00 AM,0,,
3074,21,68563708AA,Frt Body Radiator Support,OEM,SHAVER AUTOMOTIVE GROUP - 15678,1,1,5/2/2024 11:05:46 AM,5/2/2024 12:00:00 AM,1,5/6/2024 12:00:00 AM,0,,
3074,29,68487597AE,L Frt Upr Door Moulding,OEM,SHAVER AUTOMOTIVE GROUP - 15678,1,1,5/2/2024 11:05:46 AM,5/2/2024 12:00:00 AM,1,5/8/2024 12:00:00 AM,0,,
3074,30,68534265AI,L Frt Otr Door Belt Moulding,OEM,SHAVER AUTOMOTIVE GROUP - 15678,1,0,,,1,5/6/2024 12:00:00 AM,0,,
3074,31,68517617AB,L Frt Door Adhesive Nameplate,OEM,SHAVER AUTOMOTIVE GROUP - 15678,1,0,,,1,5/2/2024 12:00:00 AM,0,,
3074,34,ORDER FROM DEALER,L Frt Upr Door Window Moulding,OEM,SHAVER AUTOMOTIVE GROUP - 15678,1,1,5/2/2024 11:05:46 AM,5/2/2024 12:00:00 AM,0,,0,,
3077,0,04715T3WJ52ZZ,"Bumper cover w/Hybrid, w/park sensor",OEM,1ST HONDA - 15678,0,1,5/3/2024 10:56:04 AM,5/6/2024 12:00:00 AM,0,,0,,
3077,0,39680T0AR01ZQ,RT Park sensor white pearl,OEM,1ST HONDA - 15678,0,1,5/3/2024 10:56:04 AM,5/6/2024 12:00:00 AM,0,,0,,
3077,2,74940TR0003,Warning buzzer,OEM,1ST HONDA - 15678,1,1,5/8/2024 10:20:07 AM,5/9/2024 12:00:00 AM,1,5/9/2024 12:00:00 AM,0,,
3077,4,74540T3VA01,Under cover w/Hybrid,OEM,1ST HONDA - 15678,1,1,5/8/2024 10:20:07 AM,5/9/2024 12:00:00 AM,1,5/9/2024 12:00:00 AM,0,,
3077,20,71503T2MT50,Molding assy w/Hybrid,OEM,1ST HONDA - 15678,1,1,5/3/2024 10:56:04 AM,5/6/2024 12:00:00 AM,1,5/6/2024 12:00:00 AM,0,,
3077,21,39680T0AR11ZQ,LT Park sensor white pearl,OEM,1ST HONDA - 15678,1,1,5/10/2024 11:41:46 AM,5/13/2024 12:00:00 AM,0,,0,,
3077,22,71502T2MT50,Lower trim panel w/Hybrid,OEM,1ST HONDA - 15678,1,1,5/3/2024 10:56:04 AM,5/6/2024 12:00:00 AM,1,5/6/2024 12:00:00 AM,0,,
3077,23,HO1184111C,LT Reflector,Aftermarket,Keystone - Complete - Santa Fe Springs - 3,1,1,5/3/2024 10:56:53 AM,5/6/2024 12:00:00 AM,1,5/6/2024 12:00:00 AM,0,,
3077,24,04715T3WJ52ZZ,"Bumper cover w/Hybrid, w/park sensor",OEM,1ST HONDA - 15678,1,0,,,1,5/6/2024 12:00:00 AM,0,,
3077,27,91505TM8003,Bumper cover clip,OEM,1ST HONDA - 15678,6,6,5/8/2024 10:20:07 AM,5/9/2024 12:00:00 AM,6,5/9/2024 12:00:00 AM,0,,
3077,28,71530T3WA50ZZ,Impact bar w/Hybrid (HSS),Aftermarket,Keystone - Complete - Santa Fe Springs - 3,1,1,5/8/2024 10:20:35 AM,5/13/2024 12:00:00 AM,0,,0,,
3077,29,71593T2AA01,RT Spacer,OEM,1ST HONDA - 15678,1,1,5/8/2024 10:20:07 AM,5/9/2024 12:00:00 AM,1,5/9/2024 12:00:00 AM,0,,
3077,30,71598T2AA01,LT Spacer,OEM,1ST HONDA - 15678,1,1,5/8/2024 10:20:07 AM,5/9/2024 12:00:00 AM,1,5/9/2024 12:00:00 AM,0,,
3077,32,,ADHESION PROMOTOR,Aftermarket,,1,0,,,0,,0,,
3077,39,,MASK INTERIOR TO PROTECT,Aftermarket,,1,0,,,0,,0,,
3077,41,,SEAM SEALER - REPAIR PANEL,Aftermarket,,1,0,,,0,,0,,
3077,45,,ADAS SEAFETY RESEARCH,Sublet,,1,0,,,0,,0,,
3083,7,756010R090,"RT Wheel opng mldg gray w/o Adventure, TRD",OEM,Simi Valley Toyota - 15678,1,1,5/6/2024 10:59:08 AM,5/6/2024 12:00:00 AM,1,5/7/2024 12:00:00 AM,0,,
3083,17,670030R121,RT Door shell (HSS),OEM,Simi Valley Toyota - 15678,1,1,5/6/2024 10:59:08 AM,5/6/2024 12:00:00 AM,1,5/7/2024 12:00:00 AM,0,,
3083,20,678710R050,RT Door w'strip,OEM,Simi Valley Toyota - 15678,1,1,5/6/2024 10:59:08 AM,5/6/2024 12:00:00 AM,1,5/7/2024 12:00:00 AM,0,,
3083,21,678730R030,RT Lower w'strip,OEM,Simi Valley Toyota - 15678,1,1,5/6/2024 10:59:08 AM,5/6/2024 12:00:00 AM,1,5/7/2024 12:00:00 AM,0,,
3083,22,678570R050,RT Protector,OEM,Simi Valley Toyota - 15678,1,1,5/6/2024 10:59:08 AM,5/6/2024 12:00:00 AM,1,5/7/2024 12:00:00 AM,0,,
3083,23,759770R050,RT Black out tape front,OEM,Simi Valley Toyota - 15678,1,1,5/6/2024 10:59:08 AM,5/6/2024 12:00:00 AM,0,,0,,
3083,24,759870R070,RT Black out tape center,OEM,Simi Valley Toyota - 15678,1,1,5/6/2024 10:59:08 AM,5/6/2024 12:00:00 AM,0,,0,,
3083,25,759530R010,RT Black out tape rear,OEM,Simi Valley Toyota - 15678,1,1,5/6/2024 10:59:08 AM,5/6/2024 12:00:00 AM,0,,0,,
3083,27,750750R030,RT Applique,OEM,Simi Valley Toyota - 15678,1,1,5/6/2024 10:59:08 AM,5/6/2024 12:00:00 AM,1,5/7/2024 12:00:00 AM,0,,
3083,30,90269A0006,RT Rear molding rivet,OEM,Simi Valley Toyota - 15678,3,3,5/6/2024 10:59:08 AM,5/6/2024 12:00:00 AM,3,5/7/2024 12:00:00 AM,0,,
3083,31,750610R120C0,RT Wheel opng mldg black,OEM,Simi Valley Toyota - 15678,1,1,5/6/2024 10:59:08 AM,5/6/2024 12:00:00 AM,1,5/7/2024 12:00:00 AM,0,,
3083,32,90269A0006,RT Reveal molding rivet,OEM,Simi Valley Toyota - 15678,4,4,5/6/2024 10:59:08 AM,5/6/2024 12:00:00 AM,4,5/7/2024 12:00:00 AM,0,,
3083,33,750770R190C0,RT Lower molding w/body stripe,OEM,Simi Valley Toyota - 15678,1,1,5/6/2024 10:59:08 AM,5/6/2024 12:00:00 AM,1,5/7/2024 12:00:00 AM,0,,
3083,36,9046705170,RT Lower molding fastener,OEM,Simi Valley Toyota - 15678,9,9,5/6/2024 10:59:08 AM,5/6/2024 12:00:00 AM,9,5/7/2024 12:00:00 AM,0,,
3083,39,756050R090,"RT Wheel opng mldg gray w/o Adventure, TRD",OEM,Simi Valley Toyota - 15678,1,1,5/6/2024 10:59:08 AM,5/6/2024 12:00:00 AM,1,5/7/2024 12:00:00 AM,0,,
3083,40,627910R050,RT Upper molding NAM built black,OEM,Simi Valley Toyota - 15678,1,1,5/6/2024 10:59:08 AM,5/6/2024 12:00:00 AM,1,5/7/2024 12:00:00 AM,0,,
3084,10,58747-06130,R Quarter Adhesive Protector,OEM,,1,0,,,0,,0,,
3084,11,58748-06130,L Quarter Adhesive Protector,OEM,,1,0,,,0,,0,,
3084,14,OE Discount,Luggage Lid Panel,Opt OEM (new),LIN'S AUTO DISMANTLING - 15678,1,1,5/7/2024 9:02:53 AM,5/7/2024 12:00:00 AM,1,5/10/2024 12:00:00 AM,0,,
3084,19,ORDER FROM DEALER,R Luggage Lid Hinge,OEM,,1,0,,,0,,0,,
3084,22,ORDER FROM DEALER,L Luggage Lid Hinge,OEM,,1,0,,,0,,0,,
3084,24,64600-06070,Luggage Lid Latch Assy,OEM,,1,0,,,0,,0,,
3084,26,64621-06030,Rear Body Striker,OEM,Simi Valley Toyota - 15678,1,1,5/7/2024 9:02:38 AM,5/7/2024 12:00:00 AM,1,5/8/2024 12:00:00 AM,0,,
3084,27,76801-06E10-B0,Luggage Lid Garnish,OEM,Simi Valley Toyota - 15678,1,1,5/7/2024 9:02:38 AM,5/7/2024 12:00:00 AM,1,5/8/2024 12:00:00 AM,0,,
3084,30,75431-02080,Luggage Lid Adhesive Emblem,OEM,Simi Valley Toyota - 15678,1,1,5/7/2024 9:02:38 AM,5/7/2024 12:00:00 AM,1,5/8/2024 12:00:00 AM,0,,
3084,32,75443-06A60,Luggage Lid Adhesive Nameplate,OEM,Simi Valley Toyota - 15678,1,1,5/7/2024 9:02:38 AM,5/7/2024 12:00:00 AM,1,5/8/2024 12:00:00 AM,0,,
3084,37,OE Discount,R Rear Combination Lamp Assembly,OEM,Simi Valley Toyota - 15678,1,1,5/7/2024 9:02:38 AM,5/7/2024 12:00:00 AM,1,5/8/2024 12:00:00 AM,0,,
3084,40,OE Discount,Rear Bumper Cover,OEM,Simi Valley Toyota - 15678,1,1,5/7/2024 9:02:38 AM,5/7/2024 12:00:00 AM,1,5/8/2024 12:00:00 AM,0,,
3084,43,PT929-03182,Rear Bumper Applique,OEM,Simi Valley Toyota - 15678,1,1,5/7/2024 9:02:38 AM,5/7/2024 12:00:00 AM,1,5/8/2024 12:00:00 AM,0,,
3085,9,90467A0032,RT Wheel opng mldg retainer,OEM,,3,0,,,0,,0,,
3085,19,6221713010,RT Wheel opng mldg retainer type 1,OEM,,1,0,,,0,,0,,
3085,20,627100R090,RT Quarter glass Toyota,Glass,Simi Valley Toyota - 15678,1,0,,,1,5/7/2024 12:00:00 AM,0,,
3085,21,,urethane seal kit,FIX ME,,1,0,,,0,,0,,
3085,22,627910R010,RT Upper molding NAM built gray,OEM,,4,0,,,0,,0,,
3085,24,9046708225,RT Inner molding retainer,OEM,,4,0,,,0,,0,,
3085,33,,"FEATHER EDGE, PRIME & BLOCK",Aftermarket,,1,0,,,0,,0,,
3085,36,,"FEATHER EDGE, PRIME & BLOCK",Aftermarket,,1,0,,,0,,0,,
3086,4,C40020,Hood Panel (Alum),LKQ,LKQ - 15678,1,1,5/6/2024 4:08:11 PM,5/6/2024 12:00:00 AM,1,5/8/2024 12:00:00 AM,0,,
3086,14,Aftermarket New,W/Shield Adhesive,Aftermarket,,1,0,,,0,,0,,
3086,15,BB5Z 7803144 AA,R Otr W/Shield Moulding,OEM,GALPIN MOTOR - 15678,1,1,5/6/2024 4:08:23 PM,5/6/2024 12:00:00 AM,1,5/7/2024 12:00:00 AM,0,,
3086,17,BB5Z 7803145 AA,L Otr W/Shield Moulding,OEM,GALPIN MOTOR - 15678,1,1,5/6/2024 4:08:23 PM,5/6/2024 12:00:00 AM,1,5/7/2024 12:00:00 AM,0,,
3087,3,80050TBAA00,AC label,OEM,1ST HONDA - 15678,1,1,5/7/2024 8:27:06 AM,5/8/2024 12:00:00 AM,1,5/8/2024 12:00:00 AM,0,,
3087,4,SEE FOOTNOTE,Emission label,OEM,,1,0,,,0,,0,,
3087,5,256185T0000,Info label oil notice,OEM,1ST HONDA - 15678,1,1,5/7/2024 8:27:06 AM,5/8/2024 12:00:00 AM,1,5/8/2024 12:00:00 AM,0,,
3087,8,HO1000307PP,Bumper cover,Aftermarket,Keystone - Complete - Santa Fe Springs - 3,1,1,5/7/2024 8:27:58 AM,5/9/2024 12:00:00 AM,1,5/8/2024 12:00:00 AM,0,,
3087,12,71103TGGA20,RT Filler cover w/fog lamps w/o adaptive cruise,Aftermarket,Keystone - Complete - Santa Fe Springs - 3,1,1,5/7/2024 8:27:58 AM,5/9/2024 12:00:00 AM,0,,0,,
3087,13,HO1213119,RT Side molding,Aftermarket,,1,0,,,0,,0,,
3087,15,P46895,RT Headlamp assy,Aftermarket,,1,0,,,0,,0,,
3087,21,~380710850,hood,LKQ,LKQ - 15678,1,1,5/7/2024 8:28:43 AM,5/7/2024 12:00:00 AM,1,5/8/2024 12:00:00 AM,0,,
3087,24,91501SWA003,Insulator clip,OEM,1ST HONDA - 15678,5,5,5/7/2024 8:27:06 AM,5/8/2024 12:00:00 AM,5,5/8/2024 12:00:00 AM,0,,
3087,28,HO1249204C,"RT Fender liner 16"" wheels",Aftermarket,Keystone - Complete - Santa Fe Springs - 3,1,1,5/7/2024 8:27:58 AM,5/9/2024 12:00:00 AM,1,5/8/2024 12:00:00 AM,0,,
3087,30,,ADHESION PROMOTOR,Aftermarket,,1,0,,,0,,0,,
3087,35,,MASK ENGINE BAY,Aftermarket,,1,0,,,0,,0,,
3088,5,MU001959,LT Rocker molding clip,OEM,Universal Mitsubishi - 15678,2,2,5/9/2024 9:55:07 AM,5/9/2024 12:00:00 AM,2,5/10/2024 12:00:00 AM,0,,
3088,6,MR280579,LT Rocker molding grommet,OEM,Universal Mitsubishi - 15678,2,2,5/9/2024 9:55:07 AM,5/9/2024 12:00:00 AM,2,5/10/2024 12:00:00 AM,0,,
3088,14,82821W070P,LT Belt molding,OEM,Universal Mitsubishi - 15678,1,1,5/9/2024 9:55:07 AM,5/9/2024 12:00:00 AM,1,5/10/2024 12:00:00 AM,0,,
3088,17,7400A539,LT Wheel opng mldg,OEM,Universal Mitsubishi - 15678,1,1,5/8/2024 8:51:58 AM,5/8/2024 12:00:00 AM,1,5/10/2024 12:00:00 AM,0,,
3088,50,,LR Door CLEAR Guards,FIX ME,,2,0,,,0,,0,,
3089,0,63 11 7 377 851,L Frt Combination Lamp,OEM,BOB SMITH BMW - 15678,0,1,5/7/2024 8:57:18 AM,5/7/2024 12:00:00 AM,0,,0,,
3089,6,63 11 7 478 155,L Frt Combination Lamp,OEM,BOB SMITH BMW - 15678,1,0,,,1,5/9/2024 12:00:00 AM,0,,
3089,9,63 14 7 295 542,R Front Side Marker Lamp Assembly,OEM,BOB SMITH BMW - 15678,1,1,5/7/2024 8:57:18 AM,5/7/2024 12:00:00 AM,1,5/9/2024 12:00:00 AM,0,,
3089,11,63 14 7 295 541,L Front Side Marker Lamp Assembly,OEM,BOB SMITH BMW - 15678,1,1,5/7/2024 8:57:18 AM,5/7/2024 12:00:00 AM,1,5/9/2024 12:00:00 AM,0,,
3089,18,36 11 6 796 256,Alloy Wheel,Sublet,M&L Wheels and Bumpers - 15678,1,1,5/9/2024 8:40:42 AM,5/9/2024 12:00:00 AM,0,,0,,
3089,29,,Mount & Balance Tire,Sublet,**IN-HOUSE - 15678,1,0,,,1,5/9/2024 12:00:00 AM,0,,
3089,33,,4 WHEEL ALIGNMENT,Sublet,Jim's Tire Center - 15678,1,0,,,1,5/9/2024 12:00:00 AM,0,,
3090,2,759970C020A0,"LT Decal ""TRD OFF ROAD"" dark",OEM,Simi Valley Toyota - 15678,1,0,,,1,5/7/2024 12:00:00 AM,0,,
3091,2,OE Discount,Frt Bumper Cover,OEM,Simi Valley Toyota - 15678,1,1,5/7/2024 9:33:13 AM,5/7/2024 12:00:00 AM,1,5/8/2024 12:00:00 AM,0,,
3091,5,OE Discount,R Frt Bumper Retainer,OEM,Simi Valley Toyota - 15678,1,1,5/7/2024 9:33:13 AM,5/7/2024 12:00:00 AM,1,5/8/2024 12:00:00 AM,0,,
3091,8,OE Discount,Frt Bumper Grille,OEM,Simi Valley Toyota - 15678,1,1,5/7/2024 9:33:13 AM,5/7/2024 12:00:00 AM,1,5/8/2024 12:00:00 AM,0,,
3091,10,75101-06090,Frt Bumper License Plate Bracket,OEM,Simi Valley Toyota - 15678,1,1,5/7/2024 9:33:13 AM,5/7/2024 12:00:00 AM,1,5/8/2024 12:00:00 AM,0,,
3094,3,100099,Grille w/adaptive cruise,LKQ,,1,0,,,0,,0,,
3095,5,BM1085106C,RT Reflector,Aftermarket,Keystone - Complete - Santa Fe Springs - 3,1,1,5/8/2024 8:30:50 AM,5/8/2024 12:00:00 AM,1,5/9/2024 12:00:00 AM,0,,
3095,6,BM1084106C,LT Reflector,Aftermarket,Keystone - Complete - Santa Fe Springs - 3,1,1,5/8/2024 8:30:50 AM,5/8/2024 12:00:00 AM,1,5/9/2024 12:00:00 AM,0,,
3095,7,51137390864,RT Upper grille w/o M550i w/o night vision,OEM,BOB SMITH BMW - 15678,1,1,5/8/2024 8:31:15 AM,5/8/2024 12:00:00 AM,1,5/8/2024 12:00:00 AM,0,,
3095,8,51137390863,LT Upper grille w/o M550i w/o night vision,OEM,BOB SMITH BMW - 15678,1,1,5/8/2024 8:31:15 AM,5/8/2024 12:00:00 AM,1,5/8/2024 12:00:00 AM,0,,
3095,10,~385512301,LT Headlamp assy,LKQ,HAROUTS - 15678,1,1,5/8/2024 8:32:17 AM,5/8/2024 12:00:00 AM,1,5/8/2024 12:00:00 AM,0,,
3095,11,~385512295,RT Headlamp assy,LKQ,HAROUTS - 15678,1,1,5/8/2024 8:32:17 AM,5/8/2024 12:00:00 AM,1,5/8/2024 12:00:00 AM,0,,
3095,17,51147463684,Emblem,OEM,BOB SMITH BMW - 15678,1,1,5/8/2024 8:31:15 AM,5/8/2024 12:00:00 AM,1,5/8/2024 12:00:00 AM,0,,
3095,18,51141807495,Emblem grommet,OEM,BOB SMITH BMW - 15678,2,2,5/8/2024 8:31:15 AM,5/8/2024 12:00:00 AM,2,5/8/2024 12:00:00 AM,0,,
3096,1,,LOF,FIX ME,,1,0,,,0,,0,,
3097,3,HO1000313C,Bumper cover,Aftermarket,Keystone - Complete - Santa Fe Springs - 3,1,1,5/8/2024 1:56:13 PM,5/9/2024 12:00:00 AM,1,5/9/2024 12:00:00 AM,0,,
3100,2,74410T0AA01,RT Wheel opng mldg,OEM,1ST HONDA - 15678,1,1,5/9/2024 10:39:08 AM,5/10/2024 12:00:00 AM,1,5/10/2024 12:00:00 AM,0,,
3100,3,08P09T0A100R1,Mud guard rear set,OEM,1ST HONDA - 15678,1,1,5/9/2024 10:39:08 AM,5/10/2024 12:00:00 AM,1,5/10/2024 12:00:00 AM,0,,
3100,17,HO1115102PP,Bumper cover,Aftermarket,Keystone - Complete - Santa Fe Springs - 3,1,1,5/9/2024 10:39:31 AM,5/10/2024 12:00:00 AM,1,5/10/2024 12:00:00 AM,0,,
3100,22,,ADHESION PROMOTOR,Aftermarket,,1,0,,,0,,0,,
3101,3,SU1000178,Bumper cover,Aftermarket,,1,0,,,0,,0,,
3101,6,57731AL02A,Intake cover,OEM,,1,0,,,0,,0,,
3101,7,SU1070117C,Energy absorber,Aftermarket,,1,0,,,0,,0,,
3101,8,7036,Impact bar,LKQ,,1,0,,,0,,0,,
3101,9,SU1041101C,Lower bracket,Aftermarket,,1,0,,,0,,0,,
3101,10,57705AL02A,Upper bracket,OEM,,1,0,,,0,,0,,
3101,12,P21021,Grille Legacy chrome/gray insert,Aftermarket,,1,0,,,0,,0,,
3101,14,NWRLPK,RT Headlamp assy w/o auto hi-beam,LKQ,,1,0,,,0,,0,,
3101,15,TPB7GY,LT Headlamp assy w/o auto hi-beam,LKQ,,1,0,,,0,,0,,
3101,20,SU1225149C,Radiator support,Aftermarket,,1,0,,,0,,0,,
3101,24,52811AL00B,Shutter assembly 2.5 LITER,OEM,,1,0,,,0,,0,,
3101,26,~364046008,hood,LKQ,,1,0,,,0,,0,,
3101,31,P95961,RT Fender Legacy,Aftermarket,,1,0,,,0,,0,,
3101,36,P95962,LT Fender Legacy,Aftermarket,,1,0,,,0,,0,,
3101,41,51620AL00A9P,RT Lower rail assy (HSS),OEM,,1,0,,,0,,0,,
3101,43,51620AL01A9P,LT Lower rail assy (HSS),OEM,,1,0,,,0,,0,,
3101,46,SU1249133,RT Fender liner Legacy,Aftermarket,,1,0,,,0,,0,,
3101,47,~384702348,LT Fender liner Legacy,LKQ,,1,0,,,0,,0,,
3101,48,51609AL00A9P,RT Apron assy,OEM,,1,0,,,0,,0,,
3101,55,~340245369,Intake duct,LKQ,,1,0,,,0,,0,,
3101,60,61280AL00B,RT Belt molding,OEM,,1,0,,,0,,0,,
3101,62,61280AL01B,LT Belt molding,OEM,,1,0,,,0,,0,,
3101,80,,Coolant,Aftermarket,,2,0,,,0,,0,,
3101,81,,Freon,Stock,,1,0,,,0,,0,,
3101,84,,Four Wheel Alignment,Sublet,,1,0,,,0,,0,,
3102,13,90853TG7A01,Fuel door rivet,OEM,,2,0,,,0,,0,,
3102,14,HO1790107C,LT Wheel flare,Aftermarket,,1,0,,,0,,0,,
3102,18,,Urethane Kit,Stock,,1,0,,,0,,0,,
3102,37,75722TG7A00,"Nameplate ""PILOT""",OEM,,1,0,,,0,,0,,
3102,38,75701TA0000,Emblem,OEM,,1,0,,,0,,0,,
3102,39,73213TG7A01,Weatherstrip,OEM,,1,0,,,0,,0,,
3102,48,~367022442,LT Backup lamp assy,LKQ,,1,0,,,0,,0,,
3102,50,HO1114104C,Bumper cover,Aftermarket,,1,0,,,0,,0,,
3102,53,HO1115106C,Lower cover w/o chrome strip,Aftermarket,,1,0,,,0,,0,,
3102,54,71598TG7A00,LT Side retainer,OEM,,1,0,,,0,,0,,
3102,55,91505TM8003,Lower panel clip,OEM,,4,0,,,0,,0,,
3102,56,71555TG7A00,LT Support,OEM,,1,0,,,0,,0,,
3102,58,,ADHESION PROMOTOR,Aftermarket,,1,0,,,0,,0,,
3102,66,,****Mechanical Operations****,FIX ME,,1,0,,,0,,0,,
3102,70,,SEAM SEALER - REPAIR PANEL,Aftermarket,,1,0,,,0,,0,,
3103,3,KL2F50031BB,Bumper cover,OEM,,1,0,,,0,,0,,
3103,6,KB8D50710J,Grille assy w/o surround view w/o adaptive cruise,OEM,,1,0,,,0,,0,,
3103,7,KL2F507E19U,Upper molding,OEM,,1,0,,,0,,0,,
3103,9,TK2150355,Upper molding rivet,OEM,,12,0,,,0,,0,,
3103,10,S51S51833,RT Upper molding pin,OEM,,6,0,,,0,,0,,
3103,11,S51S51833,LT Upper molding pin,OEM,,6,0,,,0,,0,,
3103,13,KL2L51041C,LT Headlamp assy w/directional beam to 01/13/2020,OEM,,1,0,,,0,,0,,
3103,19,KB7W52211,LT Fender,OEM,,1,0,,,0,,0,,
3103,24,KDPW52240,LT Front bracket,OEM,,1,0,,,0,,0,,
3103,26,KB7W5422Y,LT Upper bracket,OEM,,1,0,,,0,,0,,
3103,28,KB7W51W30E8N,LT Wheel opng mldg,OEM,,1,0,,,0,,0,,
3103,30,64246_22777,"LT/Front Wheel, alloy 17"" LHMW",Re-Manufactured,,1,0,,,0,,0,,
3103,38,KB8C69181C,"LT Mirror w/blind spot monitor, w/o power fold w/o heated",OEM,,1,0,,,0,,0,,
3103,39,TK48691N7AE4,LT Mirror cover sonic silver,OEM,,1,0,,,0,,0,,
3103,52,,Cover Car for Primer,FIX ME,,1,0,,,0,,0,,
3103,54,,Four Wheel Alignment,Sublet,,1,0,,,0,,0,,
3103,55,,Tire Mount & Wheel Balance,Sublet,,1,0,,,0,,0,,
3104,2,85513033,Muffler & pipe Premier,OEM,,1,0,,,0,,0,,
3104,4,84741540,Lift gate,OEM,,1,0,,,0,,0,,
3104,9,84188543,Emblem black,OEM,,1,0,,,0,,0,,
3104,10,84188524,"Nameplate ""BLAZER""",OEM,,1,0,,,0,,0,,
3104,11,84188526,"Nameplate ""PREMIER""",OEM,,1,0,,,0,,0,,
3104,15,84586860,Bumper cover,OEM,,1,0,,,0,,0,,
3104,18,84662393,Lower cover,OEM,,1,0,,,0,,0,,
3104,19,84662700,Filler cover,OEM,,1,0,,,0,,0,,
3104,20,84889018,RT Sleeve,OEM,,1,0,,,0,,0,,
3104,21,84889019,LT Sleeve,OEM,,1,0,,,0,,0,,
3104,22,11516807,RT Sleeve rivet,OEM,,3,0,,,0,,0,,
3104,23,11516807,LT Sleeve rivet,OEM,,3,0,,,0,,0,,
3104,24,84500524,LT Reflector,OEM,,1,0,,,0,,0,,
3104,25,84978478,Harness w/park sensor w/hands free,OEM,,1,0,,,0,,0,,
3104,26,84510253,Park sensor,OEM,,2,0,,,0,,0,,
3104,34,,SEAL KIT,Aftermarket,,1,0,,,0,,0,,
3105,3,620223YU1J,Bumper cover,OEM,,1,0,,,0,,0,,
3105,5,622243YU1A,RT Side retainer,OEM,,1,0,,,0,,0,,
3105,8,NI2503244C,RT Headlamp assy,Aftermarket,,1,0,,,0,,0,,
3105,13,~378690453,RT fender assy,LKQ,,1,0,,,0,,0,,
3105,20,403153NF0B,RT/Front Wheel cover,OEM,,1,0,,,0,,0,,
3105,39,,Clear Rf Door Edge Guard,FIX ME,,1,0,,,0,,0,,
3105,40,,Clean Adhesive from Panel (RF DOOR),FIX ME,,1,0,,,0,,0,,
3105,41,,Front Wheel Alignment,FIX ME,Jim's Tire Center - 15678,1,0,,,1,5/10/2024 12:00:00 AM,0,,
3106,3,29788504049999,Bumper cover,OEM,,1,0,,,0,,0,,
3106,5,2978851001,LT Trim molding,OEM,,1,0,,,0,,0,,
3106,6,2978854600,Lower molding,OEM,,1,0,,,0,,0,,
3106,7,2978854100,Lower grille,OEM,,1,0,,,0,,0,,
3106,9,2978850504,LT Side mount,OEM,,1,0,,,0,,0,,
3106,10,2978202101,LT Reflector,OEM,,1,0,,,0,,0,,
3106,12,2974000300,LT/Front Wheel code 29R,OEM,,1,0,,,0,,0,,
3106,13,2974000300,LT/Rear Wheel code 29R,OEM,,1,0,,,0,,0,,
3106,15,,LF TIRE,Aftermarket,,1,0,,,0,,0,,
3106,20,29769801009999,LT Rocker molding w/o AMG Line,OEM,,1,0,,,0,,0,,
3106,38,2976902301,LT Body side mldg chrome,OEM,,1,0,,,0,,0,,
3106,52,0009914140,LT Wheelhouse liner rivet,OEM,,7,0,,,0,,0,,
3106,54,,Urthane Kit,FIX ME,,1,0,,,0,,0,,
3106,59,0009914140,RT Wheelhouse liner rivet,OEM,,7,0,,,0,,0,,
3106,61,,Urethane Kit,Stock,,1,0,,,0,,0,,
3106,65,2979069102,LT Tail lamp assy,OEM,,1,0,,,0,,0,,
3106,68,29788566009999,Bumper cover,OEM,,1,0,,,0,,0,,
3106,71,2978859501,Valance panel w/o night pkg,OEM,,1,0,,,0,,0,,
3106,82,,PRECISION MASK BACK GLASS,FIX ME,,1,0,,,0,,0,,
3106,83,,PRECISION MASK WINDSHIELD,FIX ME,,1,0,,,0,,0,,
3106,84,,ADHESIVE REMOVER (REAR DOORS),FIX ME,,1,0,,,0,,0,,
3106,85,,Four Wheel Alignment,Sublet,,1,0,,,0,,0,,
3106,86,,Tire Mount & Wheel Balance,Sublet,,2,0,,,0,,0,,
3108,9,89A48R0061OFB,Seat back panel,OEM,1ST KIA - 15678,1,1,5/9/2024 4:33:57 PM,5/9/2024 12:00:00 AM,0,,0,,
3108,11,,carpet under rear seat,OEM,1ST KIA - 15678,1,1,5/9/2024 4:33:57 PM,5/9/2024 12:00:00 AM,0,,0,,
3108,12,,rear carpet,OEM,1ST KIA - 15678,1,1,5/9/2024 4:33:57 PM,5/9/2024 12:00:00 AM,0,,0,,
3109,3,52119-0R903,Frt Bumper Cover,OEM,,1,0,,,0,,0,,
3109,6,52127-0R030,R Frt Bumper Fog Lamp Cover,OEM,,1,0,,,0,,0,,
3109,7,52535-0R010,R Frt Bumper Cover Retainer,OEM,,1,0,,,0,,0,,
3109,9,52536-0R010,L Frt Bumper Cover Retainer,OEM,,1,0,,,0,,0,,
3109,15,53395-0R011,Frt Hood Seal,OEM,,1,0,,,0,,0,,
3109,17,TO1241229PP,R Fender Panel,Aftermarket,,1,0,,,0,,0,,
3109,20,TO1240209PP,L Fender Panel,Aftermarket,,1,0,,,0,,0,,
3109,23,TO1248144C,L Fender Liner,Aftermarket,,1,0,,,0,,0,,
3109,24,53879-0R010,R Fender Splash Shield Clip,OEM,,1,0,,,0,,0,,
3109,25,53879-0R010,L Fender Splash Shield Clip,OEM,,1,0,,,0,,0,,
3109,26,90467-07201,R Fender Splash Shield Clip,OEM,,6,0,,,0,,0,,
3109,27,90467-07201,L Fender Splash Shield Clip,OEM,,6,0,,,0,,0,,
3109,28,60118-42010,L Fender Garnish,OEM,,1,0,,,0,,0,,
3109,29,75611-0R901,R Fender Wheel Opening Flare,OEM,,1,0,,,0,,0,,
3109,31,75612-0R901,L Fender Wheel Opening Flare,OEM,,1,0,,,0,,0,,
3109,33,53851-0R020,R Fender Flare Pad,OEM,,1,0,,,0,,0,,
3109,34,53851-0R020,L Fender Flare Pad,OEM,,1,0,,,0,,0,,
3109,36,Sublet,Alloy Wheel,Sublet,,1,0,,,0,,0,,
3109,39,Sublet,Alloy Wheel,Sublet,,1,0,,,0,,0,,
3109,53,75327-42010,R Frt Door Adhesive Nameplate,OEM,,1,0,,,0,,0,,
3109,55,75328-42010,L Frt Door Adhesive Nameplate,OEM,,1,0,,,0,,0,,
3109,73,75862-0R010,L Frt Quarter Pad,OEM,,1,0,,,0,,0,,
3109,74,75687-0R010,L Rear Quarter Pad,OEM,,1,0,,,0,,0,,
3109,76,Aftermarket New,Qtr Glass Adhesive,Aftermarket,,1,0,,,0,,0,,
3109,87,Sublet,Wheel Alignment - 4 whl,Sublet,,1,0,,,0,,0,,
3111,5,521190E963,Bumper cover w/o front park aid w/o lamp wash,OEM,,1,0,,,0,,0,,
3111,12,,****Mechanical Operations****,FIX ME,,1,0,,,0,,0,,
3111,13,531410E900,Upper panel,OEM,,1,0,,,0,,0,,
3111,15,525350E110,RT Side retainer,OEM,,1,0,,,0,,0,,
3112,13,87741S8200,LT Wheel opng mldg w/painted,OEM,,1,0,,,0,,0,,
3112,27,86694S8010,LT Side molding w/chrome w/o Calligraphy,OEM,,1,0,,,0,,0,,
3112,34,,"FEATHER EDGE, PRIME & BLOCK",Aftermarket,,1,0,,,0,,0,,
3112,40,,SEAL KIT,Aftermarket,,1,0,,,0,,0,,
3112,43,,****Mechanical Operations****,FIX ME,,1,0,,,0,,0,,
3113,4,61169AL00A,"LT Handle, outside w/o chrome",OEM,,1,0,,,0,,0,,
3113,7,61252AL00A,"LT Handle, outside gasket",OEM,,1,0,,,0,,0,,
3113,8,61252AL01A,LT Cover gasket,OEM,,1,0,,,0,,0,,
