,,,,,,,,,,,,,
,,,,,,,,,,,,,
,,,,,,,,,,,,,
,,,,,,,,,,,,,
,,,,,,,,,,,,,
,,,,,,,,,,,,,
Location,Vendor Name,Aftermarket,OEM,OPT OEM,Primary Phone,Address,City,State,Zip,Preferred,Electronic,Vendor,Email
CARSTAR CITY AUTO BODY,**IN-HOUSE - 15678,1,1,1,(805) 581-1671,2150 AGATE CT,SIMI VALLEY,CA,93065,TRUE, ,1,
CARSTAR SIMI VALLEY,1-800-Radiator Cal South - 15678,1,1,1,(800) 723-4286,"32+WHS, DELVR DAILY/OVERNIGHT",SO CAL,CA,91767,FALSE,Electronic,2,
CARSTAR CITY AUTO BODY,1001 Best Autolite Dist.,1,1,1,(866) 567-3500,12821 Commerce Lakes Dr Unit 10,Fort Myers,FL,33913,FALSE,Electronic,3,
CARSTAR SIMI VALLEY,101 Recovery & Tow - 15678,1,1,1,(805) 236-1645,1340 Redwood St.,Oxnard,CA,93033,FALSE, ,4,
CARSTAR CITY AUTO BODY,1ST HONDA - 15678,1,1,1,(805) 584-6646,2283 FIRST STREET,SIMI VALLEY,CA,93065,TRUE,Electronic,5,
CARSTAR SIMI VALLEY,1ST KIA - 15678,1,1,1,(805) 306-1076,2283 First Honda,Simi Valley,CA,93065,TRUE, ,6,
CARSTAR CITY AUTO BODY,1ST NISSAN - 15678,1,1,1,(805) 526-5007,2283 FIRST STREET,SIMI VALLEY,CA,93065,TRUE, ,7,
CARSTAR SIMI VALLEY,4 WHEEL PARTS - 15678,1,1,1,(805) 495-3344,n/a,THOUSAND OAKS,CA,91362,FALSE, ,8,
CARSTAR CITY AUTO BODY,A&B TOWING - 15678,1,1,1,(818) 232-1438,8548 RESEDA BLVD,NORTHRIDGE,CA,91324,FALSE, ,9,
CARSTAR SIMI VALLEY,A1 AUTO WRECKING - 15678,1,1,1,(559) 268-4623,3465 S Chestnut Ave,FRESNO,CA,93725,FALSE, ,10,
CARSTAR CITY AUTO BODY,A1 LOCK AND SAFE - 15678,1,1,1,(805) 526-8396,1482 LOS ANGELES AVENUE,SIMI VALLEY,CA,93065,FALSE, ,11,
CARSTAR SIMI VALLEY,ABLE 2 LABEL - 15678,1,1,1,(713) 402-9900,11518 SOCORRO LN,TOMBALL,TX,77377,FALSE, ,12,
CARSTAR CITY AUTO BODY,above all glass - 15678,1,1,1,(805) 578-8900,n/a,Thousand Oaks,CA,91362,FALSE, ,13,
CARSTAR SIMI VALLEY,ACE AUTOWRECKING - 15678,1,1,1,(562) 633-7700,7315 ROSECRANS AVE,PARAMOUNT,CA,90723,FALSE, ,14,
CARSTAR CITY AUTO BODY,ACURA OF GLENDALE - 15678,1,1,1,(818) 409-0005,505 S. BRAND BLVD,GLENDALE,CA,91204,FALSE, ,15,
CARSTAR SIMI VALLEY,ADHESIVE TEMPLATES - 15678,1,1,1,(888) 249-3350,4717 Campus Drive,Kalamazoo,MI,49008,FALSE,Electronic,16,
CARSTAR CITY AUTO BODY,Advanced Tinting - 15678,1,1,1,(805) 529-0107,5150 Goldman Ave. Unit H,Moorpark,CA,93021,FALSE, ,17,
CARSTAR SIMI VALLEY,Aeromotive - 15678,1,1,1,(224) 535-9220,345 Willard Ave,Elgin,IL,60120,FALSE, ,18,
CARSTAR CITY AUTO BODY,airbag express - 15678,1,1,1,(213) 590-3260,poBox 3404,Glendale,CA,31221,FALSE, ,19,
CARSTAR SIMI VALLEY,Airgas - 15678,1,1,1,(805) 520-2725,1910 Bishop Ln,Simi Valley,CA,93063,FALSE, ,20,
CARSTAR CITY AUTO BODY,AIRTIGHT AUTO GLASS - 15678,1,1,1,(805) 558-6060,MOBILE,SIMI VALLEY,CA,93065,TRUE, ,21,
CARSTAR SIMI VALLEY,Akzo Nobel - 15678,1,1,1,(800) 656-2332,535 Marriott Dr Ste 500,Nashville,TN,37214,FALSE, ,22,
CARSTAR CITY AUTO BODY,ALEXANDER GMC - 15678,1,1,1,(818) 582-6100,2100 1ST ST,SIMI VALLEY,CA,93065,FALSE, ,23,
CARSTAR SIMI VALLEY,Alexander Hyundai of Oxnard - 15678,1,1,1,(000) 000-0000,1600 Auto Center Dr,Oxnard,CA,93036,TRUE, ,24,
CARSTAR CITY AUTO BODY,ALL AUTO PARTS - 15678,1,1,1,(909) 356-8686,15755 ARROW HIGHWAY,FONTANA,CA,92335,FALSE, ,25,
CARSTAR SIMI VALLEY,All European Auto Supply - 15678,1,1,1,(248) 399-9211,1450 JARVIS ST,FERNDALE,MI,48220,FALSE,Electronic,26,
CARSTAR CITY AUTO BODY,All Star Auto Lights - 15678,1,1,1,(951) 588-6890,5952 Jasmine ST,Riverside,CA,92504,FALSE, ,27,
CARSTAR SIMI VALLEY,ALL STAR AUTO LIGHTS CA - 15678,1,1,1,(951) 588-6890,5952 JASMINE STREET,RIVERSIDE,CA,92504,FALSE, ,28,
CARSTAR CITY AUTO BODY,ALLIED AUTO GLASS - 15678,1,1,1,(805) 581-4441,1842 E LOS ANGELES AVE,SIMI VALLEY,CA,93065,FALSE, ,29,
CARSTAR SIMI VALLEY,ALPHA AUTOMOTIVE - 15678,1,1,1,(888) 371-3050,3980 VELP AVENUE,GREEN BAY,WI,54313,FALSE,Electronic,30,
CARSTAR CITY AUTO BODY,ALTERNATIVE EMBLEMS - 15678,1,1,1,(866) 462-3484,1812 MT CARMEL CHURCH RD,CHAPEL HILL,NC,27517,FALSE,Electronic,31,
CARSTAR SIMI VALLEY,amazon.com - 15678,1,1,1,(888) 280-4331,PO Box 81126,seattle,WA,98108,FALSE, ,32,
CARSTAR CITY AUTO BODY,AMERICA'S TIRE - 15678,1,1,1,(805) 579-7921,2383 FIRST ST,SIMI VALLEY,CA,93065,FALSE, ,33,
CARSTAR SIMI VALLEY,AMERICAN DISMANTLING - 15678,1,1,1,(909) 822-3715,15303 ARROW BLVD,FONTANA,CA,92335,FALSE, ,34,
CARSTAR CITY AUTO BODY,American Wrap Company - 15678,1,1,1,(661) 878-5587,"2697 Lavery Court, Ste. #16",Newbury Park,CA,93065,FALSE, ,35,
CARSTAR SIMI VALLEY,ANTELOPE VALLEY CHEVROLET - 15678,1,1,1,(661) 952-2300,1160 MOTOR LANE,LANCASTER,CA,93534,TRUE, ,36,
CARSTAR CITY AUTO BODY,ANTELOPE VALLEY NISSAN - 15678,1,1,1,(661) 274-4700,451 AUTO CENTER DRIVE,PALMDALE,CA,93551,FALSE, ,37,
CARSTAR SIMI VALLEY,ARKCO SECURITY - 15678,1,1,1,(805) 584-6869,5924 E LOS ANGELES AVE,SIMI VALLEY,CA,93065,FALSE, ,38,
CARSTAR CITY AUTO BODY,ASTECH - 15678,1,1,1,(888) 486-1166,2600 TECHNOLOGY DR SUITE 900,PLANO,TX,75074,FALSE, ,39,
CARSTAR SIMI VALLEY,ASTRO AUTO PARTS - 15678,1,1,1,(909) 381-4440,527 E. MILL STREET,SAN BERNARDINO,CA,92408,FALSE, ,40,
CARSTAR CITY AUTO BODY,ATM Auto Repair - 15678,1,1,1,(805) 341-0134,885 Calle Ciruelo,Thousand Oaks,CA,91360,FALSE, ,41,
CARSTAR SIMI VALLEY,Audi Calabasas - 15678,1,1,1,(818) 574-3211,1,Calabasas,CA,91302,TRUE, ,42,
CARSTAR CITY AUTO BODY,Audi Oxnard - 15678,1,1,1,(805) 288-7728,1600 Ventura Blvd,Oxnard,CA,93036,FALSE, ,43,
CARSTAR SIMI VALLEY,AUDIO CONCEPTS - 15678,1,1,1,(805) 526-8558,1774 E LOS ANGELES AVE,SIMI VALLEY,CA,93065,FALSE, ,44,
CARSTAR CITY AUTO BODY,AUTO ANYTHING - 15678,1,1,1,(800) 874-8888,WWW.AUTOANYTHING.COM,SAN DIEGO,CA,92134,FALSE, ,45,
CARSTAR SIMI VALLEY,Auto Data Labels  - 15678,1,1,1,(631) 667-2382,P.O Box 741668,ATLANTA,GA,30374,FALSE,Electronic,46,
CARSTAR CITY AUTO BODY,AUTO PARTS SPECIALIST - 15678,1,1,1,(866) 837-1277,"100 E. Main Street, Unit A,",Ontario,CA,91761,FALSE, ,47,
CARSTAR SIMI VALLEY,"AUTO QUEST DISMANTLIN, INC - 15678",1,1,1,(818) 767-0707,42234 4TH STREET,LANCASTER,CA,93535,FALSE, ,48,
CARSTAR CITY AUTO BODY,AUTO TEK DIAGNOSTICS - 15678,1,1,1,(323) 404-6398,7857 SAUSALITO AVE,WEST HILLS,CA,91304,FALSE, ,49,
CARSTAR SIMI VALLEY,AUTONATION - 15678,1,1,1,(661) 284-6625,23551 MAGIC MOUNTAIN PKWY,VALENCIA,CA,91355,FALSE, ,50,
CARSTAR CITY AUTO BODY,Autozone - 15678,1,1,1,(805) 583-4877,2375 Sycamore #D,Simi Valley,CA,93063,FALSE, ,51,
CARSTAR SIMI VALLEY,AVILA'S AUTO REPAIR - 15678,1,1,1,(805) 210-5920,1842 E LOS ANGELES AVE #B3,SIMI VALLEY,CA,93065,FALSE, ,52,
CARSTAR CITY AUTO BODY,Basic Auto parts - 15678,1,1,1,(323) 585-5505,5537 Bandera st,Los Angeles,CA,90058,FALSE, ,53,
CARSTAR SIMI VALLEY,Bells Auto Parts - 15678,1,1,1,(818) 767-7197,8777 San Fernando RD,Sun Valley,CA,91352,FALSE, ,54,
CARSTAR CITY AUTO BODY,BELLS AUTO PARTS AND WRECKING - 15678,1,1,1,(818) 767-7197,8777 SAN FERNANDO RD.,SUN VALLEY,CA,91352,FALSE, ,55,
CARSTAR SIMI VALLEY,Best Autolite Disstributors - 15678,1,1,1,(239) 225-0733,7426 Cherry ave,Fontana,CA,92336,FALSE,Electronic,56,
CARSTAR CITY AUTO BODY,BEST CHOICE AUTO PARTS - 15678,1,1,1,(626) 531-7130,797 ALPHA ST,DUARTE,CA,91010,FALSE, ,57,
CARSTAR SIMI VALLEY,BG PETROSPECS DISTRIBUTING INC. - 15678,1,1,1,(805) 498-4546,3301 GRANDE VISTA DR.,NEWBURY PARK,CA,91320,FALSE, ,58,
CARSTAR CITY AUTO BODY,BIG BRAND - 15678,1,1,1,(805) 465-8800,983 E.EASY STREET,SIMI VALLEY,CA,93065,FALSE, ,59,
CARSTAR SIMI VALLEY,BILL SMITH AUTO PARTS - 15678,1,1,1,(217) 367-5090,3405 COUNTRYVIEW RD,URBANA,IL,61802,FALSE, ,60,
CARSTAR CITY AUTO BODY,BK AUTO WRECKING - 15678,1,1,1,(562) 630-5223,14134 GARFIELD AVE,PARAMOUNT,CA,90723,FALSE, ,61,
CARSTAR SIMI VALLEY,BK Honda - 15678,1,1,1,(805) 581-1671,2150 Agate St,Simi Valley,CA,93065,FALSE, ,62,
CARSTAR CITY AUTO BODY,BLACKBURNOEMWHEELSOLUTIONS - 15678,1,1,1,(800) 981-8321,1001 PASTER COURT,MACEDONIA,OH,44056,FALSE, ,63,
CARSTAR SIMI VALLEY,Blessed Towing - 15678,1,1,1,(818) 400-0116,n/a,Simi Valley,CA,93062,FALSE, ,64,
CARSTAR CITY AUTO BODY,BOB COSLETT CUSTOM PINSTRIPING - 15678,1,1,1,(805) 341-1553,MOBILE,SIMI VALLEY,CA,93065,FALSE, ,65,
CARSTAR SIMI VALLEY,BOB SMITH BMW - 15678,1,1,1,(818) 340-9640,',Calabasas,CA,91302,TRUE, ,66,
CARSTAR CITY AUTO BODY,BONEYARD AUTO PARTS - 15678,1,1,1,(310) 327-2950,440 EAST REDONDO BEACH BLVD,GARDENA,CA,92065,FALSE, ,67,
CARSTAR SIMI VALLEY,BORLA PERFORMANCE - 15678,1,1,1,(423) 979-4000,500 BORLA DRIVE,JOHNSON CITY,TN,37604,FALSE, ,68,
CARSTAR CITY AUTO BODY,BROCK SUPPLY ARIZONA - 15678,1,1,1,(800) 528-4400,2150  E RIO SALADO,TEMPE,AZ,85281,FALSE,Electronic,69,
CARSTAR SIMI VALLEY,BRUCAR LOCKSMITH - 15678,1,1,1,(805) 241-0777,355 E AVENIDA DE LOS,THOUSAND OAKS,CA,91360,FALSE, ,70,
CARSTAR CITY AUTO BODY,BUMPER 2 BUMPER - 15678,1,1,1,(818) 889-6587,31143 VIA COLINAS,WESTLAKE VILLAGE,CA,91362,FALSE, ,71,
CARSTAR SIMI VALLEY,C&C SERVICES - 15678,1,1,1,(818) 220-3842,8220 SHIRLEY AVE,RESEDA,CA,91335,FALSE, ,72,
CARSTAR CITY AUTO BODY,CALIFNORNIA MINI TRUCKING - 15678,1,1,1,(909) 622-1381,4002 STATE,MONTCLAIR,CA,91763,FALSE, ,73,
CARSTAR SIMI VALLEY,Camacho Mitsubishi - 15678,1,1,1,(661) 945-2600,401Auto Vista Dr,palmdale,CA,93551,FALSE, ,74,
CARSTAR CITY AUTO BODY,CAMARILLO TOWING - 15678,1,1,1,(805) 388-1185,372 DAWSON DRIVE,CAMARILLO,CA,93012,FALSE, ,75,
CARSTAR SIMI VALLEY,CANOGA HUB CAP - 15678,1,1,1,(818) 716-7735,7801 CANOGA AVENUE,CANOGA PARK,CA,91304,FALSE, ,76,
CARSTAR CITY AUTO BODY,Car Pros El Monte Honda - 15678,1,1,1,(555) 555-5555,1 b,ANYTOWN,CA,55555,FALSE, ,77,
CARSTAR SIMI VALLEY,CAR PROS GLENDALE - 15678,1,1,1,(818) 745-1103,400 S. BRAND BLVD.,GLENDALE,CA,91204,FALSE, ,78,
CARSTAR CITY AUTO BODY,CarID.com - 15678,1,1,1,(800) 505-3274,1 Corporate Drive,Cranbury,NJ,8512,FALSE, ,79,
CARSTAR SIMI VALLEY,CELL ENERGY - 15678,1,1,1,(805) 527-2288,4268 LOS ANGELES AVE,SIMI VALLEY,CA,93063,FALSE, ,80,
CARSTAR CITY AUTO BODY,CENTER ACURA - 15678,1,1,1,(818) 782-1120,.,VAN NUYS,CA,91401,FALSE, ,81,
CARSTAR SIMI VALLEY,CENTER BMW - 15678,1,1,1,(818) 990-9518,5230 VAN NUYS BLVD,SHERMAN OAKS,CA,91401,FALSE, ,82,
CARSTAR CITY AUTO BODY,CGS MOBILE WINDOW TINTING - 15678,1,1,1,(818) 312-0562,PO BOX 940781,SIMI VALLEY,CA,93094,FALSE, ,83,
CARSTAR SIMI VALLEY,CHAMPIONSHIP MUFFLER - 15678,1,1,1,(805) 522-7620,1842 E LOS ANGELES AVE,SIMI VALLEY,CA,93065,FALSE, ,84,
CARSTAR CITY AUTO BODY,Cherry Auto Parts - 15678,1,1,1,(818) 767-0047,11911 Sheldon Street,Sun Valley,CA,91352,FALSE, ,85,
CARSTAR SIMI VALLEY,CITY AUTO BODY (IN-HOUSE) - 15678,1,1,1,(805) 581-1671,2150 AGATE CT,SIMI VALLEY,CA,93065,FALSE, ,86,
CARSTAR CITY AUTO BODY,CJ PONY PARTS - 15678,1,1,1,(717) 657-9252,7461 ALLENTOWN BLVD,HARRISBURG,PA,17112,FALSE, ,87,
CARSTAR SIMI VALLEY,CLIPS PLUS - 15678,1,1,1,(805) 210-0630,n.a,SIMI VALLEY,CA,93065,FALSE, ,88,
CARSTAR CITY AUTO BODY,CLS AUTOPARTS - 15678,1,1,1,(818) 767-0047,11911 SHELDON ST,SUN VALLEY,CA,91352,FALSE, ,89,
CARSTAR SIMI VALLEY,Collision Stone Guard - 15678,1,1,1,(608) 534-5211,W 22191 11th Street,Trempealeau,WI,54661,FALSE,Electronic,90,
CARSTAR CITY AUTO BODY,COMMERCIAL RADIATOR SERVICE - 15678,1,1,1,(805) 527-3332,864 E LOS ANGELES AVE,SIMI VALLEY,CA,93065,FALSE, ,91,
CARSTAR SIMI VALLEY,Completes Plus A/M - 15678,1,1,1,(888) 500-6557,15912 HAWTHORNE BLVD.,LAWNDALE,CA,90260,FALSE, ,92,
CARSTAR CITY AUTO BODY,costco - 15678,1,1,1,(180) 558-1167 x1,2150 AGATE CT.,Simi Valley,CA,93065,FALSE, ,93,
CARSTAR SIMI VALLEY,Crossroads Auto Dismantling - 15678,1,1,1,(877) 232-6737,12421 Riverside Dr.,Eastvale,CA,91752,FALSE, ,94,
CARSTAR CITY AUTO BODY,CROWN DODGE CHRYSLER JEEP - 15678,1,1,1,(805) 656-0825,6300 KING STREET,VENTURA,CA,93003,FALSE, ,95,
CARSTAR SIMI VALLEY,Crown Dodge Chrysler Jeep RAM - 15678,1,1,1,(555) 555-5555,6300 King Dr.,Ventura,CA,93003,TRUE, ,96,
CARSTAR CITY AUTO BODY,CRYSTAL AUTO INC. - 15678,1,1,1,(818) 899-5600,12281 BRANFORD ST,SUN VALLEY,CA,91352,FALSE,Electronic,97,
CARSTAR SIMI VALLEY,CULVER CITY - 15678,1,1,1,(310) 341-4721,11215 W. WASHINGTON BLVD,CULVER CITY,CA,90230,FALSE, ,98,
CARSTAR CITY AUTO BODY,D WRAPS - 15678,1,1,1,(805) 507-9300,155 E EASY ST,SIMI VALLEY,CA,93065,FALSE, ,99,
CARSTAR SIMI VALLEY,Daco Truck&Van - 15678,1,1,1,(818) 892-8327,8454 Sepulveda Blvd.,North Hills,CA,91343,FALSE, ,100,
CARSTAR CITY AUTO BODY,DANGELOS AUTOMOTIVE & IND COATING - 15678,1,1,1,(805) 587-2788,1114 INDUSTRIAL AVENUE,OXNARD,CA,93030,FALSE, ,101,
CARSTAR SIMI VALLEY,Dave Kerr - 15678,1,1,1,(805) 581-1671,2150 Agate Court,"Simi Valley,",CA,93065,FALSE, ,102,
CARSTAR CITY AUTO BODY,DAVES TOWING SERVICE - 15678,1,1,1,(805) 526-4221,890 WEST LOS ANGELES AVE.,SIMI VALLEY,CA,93065,FALSE, ,103,
CARSTAR SIMI VALLEY,DCD CUSTOMS - 15678,1,1,1,(818) 838-1100,9520 De Soto Ave,Chatsworth,CA,91311,FALSE, ,104,
CARSTAR CITY AUTO BODY,DCH FORD OF THOUSAND OAKS - 15678,1,1,1,(805) 497-2711,.,Thousand Oaks,CA,91362,FALSE, ,105,
CARSTAR SIMI VALLEY,DCH HONDA - 15678,1,1,1,(805) 204-4787,1500 E VENTURA BLVD,OXNARD,CA,93036,FALSE, ,106,
CARSTAR CITY AUTO BODY,DCH LEXUS OF OXNARD - 15678,1,1,1,(805) 988-8500,1640 AUTO CENTER DRIVE,OXNARD,CA,93036,FALSE, ,107,
CARSTAR SIMI VALLEY,DCH Subaru of Thousand Oaks - 15678,1,1,1,(805) 379-4490,3725 AUTO MALL DR,THOUSAND OAKS,CA,91362,TRUE, ,108,
CARSTAR CITY AUTO BODY,Delta 1 Auto Dismantling - 15678,1,1,1,(916) 204-2059,11450 Elks Circle Suite E,Rancho Cordova,CA,95742,FALSE, ,109,
CARSTAR SIMI VALLEY,Dent Krafters - 15678,1,1,1,(111) 111-1111,P.O. Box 6404,Ventura,CA,93006,FALSE, ,110,
CARSTAR CITY AUTO BODY,"DENT WIZARD, INC. - 15678",1,1,1,(310) 722-3820,3867 COLLECTION CENTER DR,CHICAGO,IL,60693,FALSE, ,111,
CARSTAR SIMI VALLEY,DEPENDABLE AUTO PARTS - 15678,1,1,1,(920) 563-7363,N1814 HWY 12,FORT ATKINSON,WI,53538,FALSE, ,112,
CARSTAR CITY AUTO BODY,DEPENDABLE DODGE - 15678,1,1,1,(818) 348-0143,21415 ROSCOE BOULEVARD,CANOGA PARK,CA,91304,FALSE, ,113,
CARSTAR SIMI VALLEY,DIAMOND - 15678,1,1,1,(661) 947-6000,39012 CARRIAGE WAY,PALMDALE,CA,93551,FALSE, ,114,
CARSTAR CITY AUTO BODY,DISCOUNT WINDOW TINTING - 15678,1,1,1,(818) 703-7662,MOBILE,WOODLAND HILLS,CA,91367,FALSE, ,115,
CARSTAR SIMI VALLEY,DONAHUE TRUCK CENTER - 15678,1,1,1,(805) 525-9900,"11111, SAN",SANTA PAULA,CA,93060,FALSE, ,116,
CARSTAR CITY AUTO BODY,Door Ding Guy - 15678,1,1,1,(805) 341-6829,/,Thousand Oaks,CA,91360,FALSE, ,117,
CARSTAR SIMI VALLEY,DUKES ROAD SERVICE - 15678,1,1,1,(877) 748-2969,3500 EAGLE ROCK BLVD,LOS ANGELES,CA,90065,FALSE, ,118,
CARSTAR CITY AUTO BODY,EBAY - 15678,1,1,1,(999) 999-9999,.,INTERNET,CA,99999,FALSE, ,119,
CARSTAR SIMI VALLEY,Eckharts Trailer Hitch - 15678,1,1,1,(805) 379-4395,.,Thousand Oaks,CA,91362,FALSE, ,120,
CARSTAR CITY AUTO BODY,EDDIES TOWING - 15678,1,1,1,(805) 499-1492,2456 TELLER ROAD,NEWBURY PARK,CA,91320,FALSE, ,121,
CARSTAR SIMI VALLEY,ELITE EURO PARTS - 15678,1,1,1,(805) 888-0044 x805,"7955 Haskell Ave, #12",Van Nuys,CA,91406,FALSE,Electronic,122,
CARSTAR CITY AUTO BODY,ELITEK - 15678,1,1,1,(888) 988-8888 x88888888,1910 Crown RD,Framers Branch,TX,75234,FALSE, ,123,
CARSTAR SIMI VALLEY,ENTERPRISE RENT A CAR - 15678,1,1,1,(805) 522-4001,764 E LOS ANGELES AVE,SIMI VALLEY,CA,93065,FALSE, ,124,
CARSTAR CITY AUTO BODY,ETRAILER - 15678,1,1,1,(636) 887-9300,1507 E. HIGHWAY A,WENTZVILLE,MO,63385,FALSE, ,125,
CARSTAR SIMI VALLEY,EXCLUSIVE AUTO GRAPHICS - 15678,1,1,1,(661) 904-0477,3736 CORY AVE,ACTON,CA,96510,FALSE, ,126,
CARSTAR CITY AUTO BODY,FAST SIGNS - 15678,1,1,1,(805) 527-9491,480 EAST EASY STREET #3,SIMI VALLEY,CA,93085,FALSE, ,127,
CARSTAR SIMI VALLEY,FAST UNDER CAR - 15678,1,1,1,(805) 498-3410,3701 OLD CONEJO RD,NEWBURY PARK,CA,91320,FALSE, ,128,
CARSTAR CITY AUTO BODY,FIAT OF GLENDALE - 15678,1,1,1,(818) 242-4161,900 SOUTH BRAND BLVD,GLENDALE,CA,91204,FALSE, ,129,
CARSTAR SIMI VALLEY,FINDPIGTAILS.COM - 15678,1,1,1,(844) 255-5899,9215 THOMASVILLE DR,HOUSTON,TX,77064,FALSE, ,130,
CARSTAR CITY AUTO BODY,Frigiking - 15678,1,1,1,(805) 527-6121,864 E Los Angeles,Simi Valley,CA,93065,FALSE, ,131,
CARSTAR SIMI VALLEY,FULFILMENT WAREHOUSE - 15678,1,1,1,(555) 555-5555,761 PROGRESS WAY,LA SALLE,IL,61301,FALSE, ,132,
CARSTAR CITY AUTO BODY,Full Impact Technologies - 15678,1,1,1,(111) 111-1111,5441 Nassau Cir E,Englewood,CO,80113,FALSE,Electronic,133,
CARSTAR SIMI VALLEY,Function Factory - 15678,1,1,1,(480) 576-8606,..,Simi Valley,CA,93062,FALSE, ,134,
CARSTAR CITY AUTO BODY,GALPIN HONDA - 15678,1,1,1,(818) 778-2005,11151 Laurel Canyon Blvd.,San Fernando,CA,91340,TRUE,Electronic,135,
CARSTAR SIMI VALLEY,GALPIN MOTOR - 15678,1,1,1,(818) 922-3775,15505 ROSCOE BLVD,NORTH HILLS,CA,91343,FALSE, ,136,
CARSTAR CITY AUTO BODY,GASOLINE - 15678,1,1,1,(555) 555-5555,11111,SIMI VALLEY,CA,93065,FALSE, ,137,
CARSTAR SIMI VALLEY,Genesis of Westlake Village - 15678,1,1,1,(805) 418-9092,1,Thousand Oaks,CA,91362,FALSE, ,138,
CARSTAR CITY AUTO BODY,GERMAN AUTO PARTS DEPOT - 15678,1,1,1,(818) 787-2010,7341 ATOLL AVE,NORTH HOLLYWOOD,CA,91605,FALSE, ,139,
CARSTAR SIMI VALLEY,GERMAN AUTO SPECIALIST - 15678,1,1,1,(805) 522-5338,2180 1ST ST,SIMI VALEY,CA,93065,FALSE, ,140,
CARSTAR CITY AUTO BODY,Get Part LA INC - 15678,1,1,1,(424) 331-9599,13705 Cimarron,Gardena,CA,90249,FALSE, ,141,
CARSTAR SIMI VALLEY,GHOST SHIELD - 15678,1,1,1,(805) 402-8298,1168 TOURMALINE DR,NEWBURY PARK,CA,91320,FALSE, ,142,
CARSTAR CITY AUTO BODY,Gibson Performance Motorsports - 15678,1,1,1,(951) 372-1220,1270 Webb Circle,Corona,CA,92879,FALSE, ,143,
CARSTAR SIMI VALLEY,Glendale Infiniti - 15678,1,1,1,(818) 696-9311,812 South Brand,glendale,CA,91204,FALSE, ,144,
CARSTAR CITY AUTO BODY,GLENDALE KIA - 15678,1,1,1,(818) 745-1103,400 S BRAND BLVD.,GLENDALE,CA,91204,FALSE, ,145,
CARSTAR SIMI VALLEY,GLT SIGNS - 15678,1,1,1,(925) 229-5411,411 FERRY ST,MARTINEZ,CA,94553,FALSE, ,146,
CARSTAR CITY AUTO BODY,Go Parts - 15678,1,1,1,(844) 321-7278,8076 Niven Ct,Sacramento,CA,95829,FALSE,Electronic,147,
CARSTAR SIMI VALLEY,GOLD COAST ACURA - 15678,1,1,1,(805) 642-9042,3195 Perkin Ave,Ventura,CA,93003,TRUE,Electronic,148,
CARSTAR CITY AUTO BODY,GRAND AMERICAN TIRES - 15678,1,1,1,(805) 527-1515,1806 LOS ANGELES AVENUE,SIMI VALLEY,CA,93065,FALSE, ,149,
CARSTAR SIMI VALLEY,Green Auto Parts & Recycling - 15678,1,1,1,(818) 767-7197,8777 San Fernando rd.,Sun Valley,CA,91352,FALSE, ,150,
CARSTAR CITY AUTO BODY,GREEN LIGHT USED AUTO PARTS - 15678,1,1,1,(818) 504-1111,10975 TUXFORD ST.,SUN VALLEY,CA,91352,FALSE, ,151,
CARSTAR SIMI VALLEY,H&H Wholesale Parts - 15678,1,1,1,(818) 771-0926,12860 Muscatine St,Simi Valley,CA,91331,FALSE, ,152,
CARSTAR CITY AUTO BODY,HAMER HONDA - 15678,1,1,1,(818) 609-7441,1,RESEDA,CA,91335,FALSE, ,153,
CARSTAR SIMI VALLEY,HAMER TOYOTA - 15678,1,1,1,(818) 365-9621,11041 SEPULVEDA BLVD,MISSION HILLS,CA,91345,FALSE, ,154,
CARSTAR CITY AUTO BODY,Harbor Freight - 15678,1,1,1,(805) 582-1410,999 E Los Angeles Ave,Simi Valley,CA,93065,FALSE, ,155,
CARSTAR SIMI VALLEY,Harbor Hyundai Auto Group Chevrolet - 156,1,1,1,(562) 424-8161,CHERRY AVE,LONG BEACH,CA,90807,FALSE, ,156,
CARSTAR CITY AUTO BODY,HAROUTS - 15678,1,1,1,(818) 896-2622,12301 BRANFORD ST,SUN VALLEY,CA,91352,FALSE, ,157,
CARSTAR SIMI VALLEY,HEADLAMPS OF AMERICA - 15678,1,1,1,(888) 760-1296,PO BOX 7775,SAN FRANCISVO,CA,94120,FALSE,Electronic,158,
CARSTAR CITY AUTO BODY,HEADLIGHTS DEPOT - 15678,1,1,1,(800) 656-9551,"2201 N  ANDREWS AVE, STE 105",POMPANO BEACH,FL,33069,FALSE,Electronic,159,
CARSTAR SIMI VALLEY,HERTZ - 15678,1,1,1,(805) 527-1477,1030 E LOS ANGELES AVE,SIMI VALLEY,CA,93065,FALSE, ,160,
CARSTAR CITY AUTO BODY,HF Auto Parts - 15678,1,1,1,(818) 834-2000,11975 Branford St.,Sun Valley,CA,91352,FALSE, ,161,
CARSTAR SIMI VALLEY,HI-TECH AUTO & TIRE CENTER - 15678,1,1,1,(805) 529-8800,13806 PRINCETON AVE,MOORPARK,CA,93021,FALSE, ,162,
CARSTAR CITY AUTO BODY,HIWAY AUTO - 15678,1,1,1,(909) 887-9332,5401 INDUSTRIAL PARKWAY,SAN BERNARDINO,CA,92407,FALSE, ,163,
CARSTAR SIMI VALLEY,Holden Parts USA - 15678,1,1,1,(555) 555-5555,Industry Dr,Castaic,CA,91384,FALSE, ,164,
CARSTAR CITY AUTO BODY,HONDA FOREIGN AUTO PARTS - 15678,1,1,1,(818) 834-2000,11975 BRANFORD ST.,SUN VALLEY,CA,91352,FALSE, ,165,
CARSTAR SIMI VALLEY,HONDA LANCASTER - 15678,1,1,1,(661) 945-3521,43244 DRIVERS WAY,LANCASTER,CA,93534,FALSE, ,166,
CARSTAR CITY AUTO BODY,Honda of Thousand Oaks - 15678,1,1,1,(805) 371-5500,3925 Auto Mall Dr,Thousand Oaks,CA,91362,TRUE, ,167,
CARSTAR SIMI VALLEY,Honda Parts Connection - 15678,1,1,1,(866) 587-1233,300 Gadsden Highway,Birmingham,AL,35235,FALSE, ,168,
CARSTAR CITY AUTO BODY,HOOPERS - 15678,1,1,1,(818) 899-2515,12201 Branford St,SUN VALLEY,CA,91352,FALSE, ,169,
CARSTAR SIMI VALLEY,HotCarAccessories.com - 15678,1,1,1,(352) 688-8160,13721 Linden Drive,Spring Hill,FL,34609,FALSE, ,170,
CARSTAR CITY AUTO BODY,HOWDY AUTO DISMANTLER - 15678,1,1,1,(310) 816-0679,1018 ALAMEDA ST,WILMINGTON,CA,90744,FALSE, ,171,
CARSTAR SIMI VALLEY,Hybrid Auto Parts - 15678,1,1,1,(818) 293-9630,9787 Glen Oaks Blvd,Sun Valley,CA,91352,FALSE, ,172,
CARSTAR CITY AUTO BODY,Imperial Auto - 15678,1,1,1,(818) 205-8418,10656 Wilsey Ave,Tujunga,CA,91042,FALSE, ,173,
CARSTAR SIMI VALLEY,Indoor Comfort Solutions - 15678,1,1,1,(805) 583-0084,1566 Mayfair St,Simi Valley,CA,93065,FALSE, ,174,
CARSTAR CITY AUTO BODY,INFINITI OF THOUSAND OAKS - 15678,1,1,1,(805) 230-8261,1,THOUSAND OAKS,CA,91362,TRUE, ,175,
CARSTAR SIMI VALLEY,IPART AUTOMOTIVE - 15678,1,1,1,(909) 587-6059,14975 HILTON DR,FONTANA,CA,92336,FALSE,Electronic,176,
CARSTAR CITY AUTO BODY,IPart Automotive 1 - 15678,1,1,1,(909) 587-6059,14975 Hilton Dr,Fontana,CA,92336,FALSE,Electronic,177,
CARSTAR SIMI VALLEY,Irvine BMW - 15678,1,1,1,(949) 380-4100,9881 Research Drive,Irvine,CA,92618,FALSE, ,178,
CARSTAR CITY AUTO BODY,JAGAUAR LAND ROVER VENTURA - 15678,1,1,1,(805) 654-0100,3190 PERKIN AVENUE,VENTURA,CA,93003,FALSE, ,179,
CARSTAR SIMI VALLEY,JAGUAR LAND ROVER THOUSAND OAKS - 15678,1,1,1,(805) 267-3600,3601 AUTO MALL DRIVE,THOUSAND OAKS,CA,91362,FALSE, ,180,
CARSTAR CITY AUTO BODY,JANTE wheel - 15678,1,1,1,(865) 444-6750,228 DUNAVANT DRIVE,ROCKFORD TN,CA,37053,FALSE, ,181,
CARSTAR SIMI VALLEY,Jim's Tire Center - 15678,1,1,1,(805) 581-1104,1525 Los Angeles Ave,Simi Valley,CA,93065,FALSE, ,182,
CARSTAR CITY AUTO BODY,Jim�s Fillmore Towing - 15678,1,1,1,(000) 000-0000,N/a,n/a,CA,0,FALSE, ,183,
CARSTAR SIMI VALLEY,JMP AUTOWERKZ - 15678,1,1,1,(818) 457-4967,7259 DEERING AVE,SIMI VALLEY,CA,93065,FALSE, ,184,
CARSTAR CITY AUTO BODY,JP Auto 2,1,1,1,(000) 000-0000,20 Haypress Rd,Cranbury,NJ,8512,FALSE,Electronic,185,
CARSTAR SIMI VALLEY,K & P AUTO DISMANTLERS - 15678,1,1,1,(909) 428-6898,15295 WHITTRAM AVE.,FONTANA,CA,92335,FALSE, ,186,
CARSTAR CITY AUTO BODY,Kent Automotive - 15678,1,1,1,(847) 827-9666,8770 W. Bryn Mawr,Chicago,IL,60631,FALSE, ,187,
CARSTAR SIMI VALLEY,KENT AUTOMOTIVE 1 - 15678,1,1,1,(847) 827-9666,P.O. BOX 809401,CHICAGO,IL,60680,FALSE, ,188,
CARSTAR CITY AUTO BODY,KEYES AUDI - 15678,1,1,1,(818) 907-4482,.,VAN NUYS,CA,91401,TRUE, ,189,
CARSTAR SIMI VALLEY,KEYES HYUNDAI - 15678,1,1,1,(818) 926-4574,/,VAN NUYS,CA,91401,FALSE, ,190,
CARSTAR CITY AUTO BODY,KEYES LEXUS (Lithia) - 15678,1,1,1,(818) 379-6700,.,VAN NUYS,CA,91401,TRUE, ,191,
CARSTAR SIMI VALLEY,KEYES TOYOTA - 15678,1,1,1,(818) 782-0122,.,VAN NUYS,CA,91401,TRUE, ,192,
CARSTAR CITY AUTO BODY,Keystone - Complete - Santa Fe Springs - 3,1,1,1,(800) 243-4340,1 b,ANYTOWN,CA,55555,TRUE,Electronic,193,
CARSTAR SIMI VALLEY,KIA of Irvine - 15678,1,1,1,(949) 777-2300,45 oldfield,irvine,CA,92618,FALSE, ,194,
CARSTAR CITY AUTO BODY,KIA OF VENTURA - 15678,1,1,1,(805) 644-2241,6424 Auto Center Dr.,Ventura,CA,93003,FALSE, ,195,
CARSTAR SIMI VALLEY,Kirby Subaru of Ventura - 15678,1,1,1,(805) 641-2787,6404 Auto Center Dr.,Ventura,CA,93003,TRUE, ,196,
CARSTAR CITY AUTO BODY,KNA Racing - 15678,1,1,1,(408) 823-0677,102 N1st,Williams,AZ,86046,FALSE, ,197,
CARSTAR SIMI VALLEY,LA Auto Gallery - 15678,1,1,1,(818) 449-6537,.,Van Nuys,CA,91401,FALSE, ,198,
CARSTAR CITY AUTO BODY,LAND ROVER ENCINO - 15678,1,1,1,(818) 861-9021,15800 VENTURA BLVD,ENCINO,CA,91436,FALSE, ,199,
CARSTAR SIMI VALLEY,LATE MODEL RESTORATION - 15678,1,1,1,(180) 558-1167 x1,2150 AGATE CT.,Simi Valley,CA,93065,FALSE, ,200,
CARSTAR CITY AUTO BODY,LEXUS OF THOUSAND OAKS - 15678,1,1,1,(805) 267-3400,3755 AUTO MALL DR,THOUSAND OAKS,CA,91362,FALSE, ,201,
CARSTAR SIMI VALLEY,LEXUS OF WOODLAND HILLS - 15678,1,1,1,(818) 444-9700,21701 VENTURA BOULEVARD,WOODLAND HILLS,AL,91364,FALSE, ,202,
CARSTAR CITY AUTO BODY,LIN'S AUTO DISMANTLING - 15678,1,1,1,(323) 224-1716,5166 ALHAMBRA AVE,LOS ANGELES,CA,90032,FALSE, ,203,
CARSTAR SIMI VALLEY,LINE-X - 15678,1,1,1,(818) 299-8850,2296 AGATE COURT,SIMI VALLEY,CA,93065,FALSE, ,204,
CARSTAR CITY AUTO BODY,LKQ - 15678,1,1,1,(800) 525-3667 x5272,500 West Madison Street,Chicago,IL,60661,TRUE, ,205,
CARSTAR SIMI VALLEY,LKQ Corp 70,0,0,0,(000) 000-0000 x0000,500 West Madison Street,Chicago,IL,60661,FALSE,Electronic,206,
CARSTAR CITY AUTO BODY,M&L Wheels and Bumpers - 15678,0,0,0,(805) 581-1671,3392 ALMA AVE,LYNWOOD,CA,90262,FALSE, ,207,
CARSTAR SIMI VALLEY,MAGIC MUFFLER - 15678,0,0,0,(805) 526-0792,886 E LOS ANGELES AVE,SIMI VALLEY,CA,93065,FALSE, ,208,
CARSTAR CITY AUTO BODY,Major League Towing - 15678,0,0,0,(747) 270-0278,6947 Lankershim Blvd,North Hollywood,CA,91605,FALSE, ,209,
CARSTAR SIMI VALLEY,Martin Auto Color - 15678,0,0,0,(805) 526-3882,954 Chambers Lane,Simi Valley,CA,93065,FALSE, ,210,
CARSTAR CITY AUTO BODY,Martin Distributors - 15678,0,0,0,(818) 262-5002,1237 S Victoria Ave,Ventura,CA,93035,FALSE, ,211,
CARSTAR SIMI VALLEY,MBZ BMW - 15678,0,0,0,(818) 897-9180,9865 San Fernando Rd,Pacoima,CA,91331,FALSE, ,212,
CARSTAR CITY AUTO BODY,MERCEDES BENZ OF VALENCIA - 15678,0,0,0,(661) 753-5555,23355 VALENCIA BLVD.,SANTA CLARITA,CA,91355,FALSE, ,213,
CARSTAR SIMI VALLEY,MERCEDES OF THOUSAND OAKS - 15678,0,0,0,(805) 371-5400,3905 AUTO MALL DR,THOUSAND OAKS,CA,91362,TRUE, ,214,
CARSTAR CITY AUTO BODY,Mercedes-Benz of Long Beach - 15678,0,0,0,(562) 988-8303,2300 East Spring Street,Signal Hill,CA,90755,FALSE, ,215,
CARSTAR SIMI VALLEY,Mercedes-Benz of Oxnard - 15678,0,0,0,(805) 604-6500,1511 Auto Center Drive,Oxnard,CA,93036,FALSE, ,216,
CARSTAR CITY AUTO BODY,Meyer Distributing - 15678,0,0,0,(800) 639-3787,560 E. 25th St.,Jasper,IN,47546,FALSE,Electronic,217,
CARSTAR SIMI VALLEY,Mid Auto Dismantling - 15678,0,0,0,(310) 835-4966,725 Watson Ave,Wilmington,CA,90744,FALSE, ,218,
CARSTAR CITY AUTO BODY,MIKE VENDITTO PIN STRIPE - 15678,0,0,0,(818) 700-9585,.,CHATSWORTH,CA,91311,FALSE, ,219,
CARSTAR SIMI VALLEY,MIKE'S FOREIGN AUTO PARTS - 15678,0,0,0,(310) 549-5282,921 EAST ANAHEIM STREET,WILMINGTON,CA,90744,FALSE,Electronic,220,
CARSTAR CITY AUTO BODY,MISSION HILLS NISSAN - 15678,0,0,0,(818) 838-4444,11000 SEPULVEDA BLVD,MISSION HILLS,CA,91345,FALSE, ,221,
CARSTAR SIMI VALLEY,MobilityWorks - 15678,0,0,0,(818) 780-1788,7720 N. Sepulveda Blvd,Van Nuys,CA,91405,FALSE, ,222,
CARSTAR CITY AUTO BODY,MOPARPARTSGIANT.COM - 15678,0,0,0,(818) 723-6262,JIMDCAB@HOTMAIL.COM,2150 AGATE,CA,93065,FALSE, ,223,
CARSTAR SIMI VALLEY,MY AUTO WRECKING - 15678,0,0,0,(626) 305-0059,700 ALPHA STREET,DUARTE,CA,91010,FALSE, ,224,
CARSTAR CITY AUTO BODY,NAP - 15678,0,0,0,(714) 367-8890,14379 Industry Cir,La Mirada,CA,90638,FALSE, ,225,
CARSTAR SIMI VALLEY,NAPA - 15678,0,0,0,(707) 252-6811,2999 CIRCLE 75 PARKWAY,ATLANTA,GA,30339,FALSE, ,226,
CARSTAR CITY AUTO BODY,NAPA AUTO PARTS - 15678,0,0,0,(805) 494-7822,"2499 E. THOUSAND OAKS BLVD., THOUSAND OA",SIMI VALLEY,CA,93065,FALSE, ,227,
CARSTAR SIMI VALLEY,NEFTIN VOLKSWAGEN - 15678,0,0,0,(805) 497-9404,3550 Auto Mall Dr,Thousand oaks,CA,91362,TRUE,Electronic,228,
CARSTAR CITY AUTO BODY,NEFTIN WESTLAKE MAZDA - 15678,0,0,0,(805) 497-9404,3500 AUTO MALL DR.,THOUSAND OAKS,CA,91362,FALSE, ,229,
CARSTAR SIMI VALLEY,NEFTIN WESTLAKE VOLVO - 15678,0,0,0,(877) 898-1953,3550 AUTO MALL DRIVE,THOUSAND OAKS,CA,91362,FALSE, ,230,
CARSTAR CITY AUTO BODY,NEMOS AUTO - 15678,0,0,0,(626) 358-2224,712 ALPHA STREET,DUARTE,CA,91010,FALSE, ,231,
CARSTAR SIMI VALLEY,NEW LOOK HEADLIGHT - 15678,0,0,0,(818) 731-0307,12281 BRANDFORD ST,SUN VALLEY,CA,91352,FALSE, ,232,
CARSTAR CITY AUTO BODY,NISSAN OF THOUSAND OAKS - 15678,0,0,0,(805) 494-1200,1,THOUSAND OAKS,CA,91362,FALSE, ,233,
CARSTAR SIMI VALLEY,Nissan of Tustin - 15678,0,0,0,(714) 669-8288,30 Auto Center Drive,Tustin,CA,92782,FALSE, ,234,
CARSTAR CITY AUTO BODY,Nissan of Van Nuys - 15678,0,0,0,(818) 787-8400,1,VAN NUYS,CA,91401,FALSE, ,235,
CARSTAR SIMI VALLEY,Northridge Toyota - 15678,0,0,0,(818) 709-4762,19550 Nordhoff st,Northridge,CA,91342,FALSE, ,236,
CARSTAR CITY AUTO BODY,O'GARA COACH - 15678,0,0,0,(855) 853-4245,.,THOUSAND OAKS,CA,91362,FALSE, ,237,
CARSTAR SIMI VALLEY,OCEAN HONDA - 15678,0,0,0,(818) 301-3800,5841 LANKERSHIM BLVD,NORTH HOLLYWOOD,CA,91601,FALSE, ,238,
CARSTAR CITY AUTO BODY,OCTANE LIGHTING - 15678,0,0,0,(855) 962-8263,675 COCHRAN,SIMI VALLEY,CA,93065,FALSE, ,239,
CARSTAR SIMI VALLEY,OEM SURPLUS PARTS - 15678,0,0,0,(818) 839-5718,1421 RAILROAD ST,GLENDALE,CA,91204,FALSE, ,240,
CARSTAR CITY AUTO BODY,ONTARIO HYUNDAI - 15678,0,0,0,(909) 390-8484,1307 KETTERING LOOP,ONTARIO,CA,91761,FALSE, ,241,
CARSTAR SIMI VALLEY,OPM AUTO DISMANTLING - 15678,0,0,0,(323) 337-5511,11541 SHELDON ST,SUN VALLEY,CA,91352,FALSE, ,242,
CARSTAR CITY AUTO BODY,OREILLY - 15678,0,0,0,(805) 306-9209,1239 EAST LOST ANGELES AVE,SIMI VALLEY,CA,93065,FALSE, ,243,
CARSTAR SIMI VALLEY,Original One Parts - 15678,0,0,0,(877) 441-0001,4201 SPRING VALLEY RD,DALLAS,TX,75244,FALSE,Electronic,244,
CARSTAR CITY AUTO BODY,OriginalOneParts - 15678,0,0,0,(877) 441-0001,1431 Kingsland Ave,St. Louis,MO,63133,FALSE,Electronic,245,
CARSTAR SIMI VALLEY,OXNARD MITSUBISHI - 15678,0,0,0,(805) 483-5555,.,OXNARD,CA,93030,FALSE, ,246,
CARSTAR CITY AUTO BODY,P&M TOWING - 15678,0,0,0,(818) 693-1722,.,RESEDA,CA,91337,FALSE, ,247,
CARSTAR SIMI VALLEY,Pacific Auto Company - 15678,0,0,0,(800) 666-0899,7945 LANKERSHIM BOULEVARD,NORTH HOLLYWOOD,CA,91605,FALSE,Electronic,248,
CARSTAR CITY AUTO BODY,PACIFIC AUTO DISMANTLER - 15678,0,0,0,(562) 491-1015,2423 EAST ANAHEIM,WILMINGTON,CA,90744,FALSE, ,249,
CARSTAR SIMI VALLEY,Pacific Rims Inc. - 15678,0,0,0,(800) 928-6746,941 GARCIA AVE. UNIT A,PITTSBURGH,CA,94565,FALSE, ,250,
CARSTAR CITY AUTO BODY,PALMDALE HONDA - 15678,0,0,0,(661) 265-6000,455 AUTO VISTA DR,PALMDALE,CA,93551,FALSE, ,251,
CARSTAR SIMI VALLEY,PartsChannel - USAA - North Hollywood - 1,0,0,0,(888) 222-8933,6836 LANKERSHIM BLVD.,NORTH HOLLYWOOD,CA,91605,FALSE, ,252,
CARSTAR CITY AUTO BODY,PEP EXPRESS PARTS - 15678,0,0,0,(805) 522-4002,"PEPBOYS - REMITTANCE DEPT., P.O BOX 8500",SIMI VALLEY,CA,93065,FALSE, ,253,
CARSTAR SIMI VALLEY,PEPBOYS - 15678,0,0,0,(805) 522-4002,660 E Los Angeles,Simi Valley,CA,93065,FALSE, ,254,
CARSTAR CITY AUTO BODY,PERFORMANCE RADIATOR - 15678,0,0,0,(253) 471-4203,PO BOX 11224,TACOMA,WA,98411,FALSE, ,255,
CARSTAR SIMI VALLEY,Peterson Repair - 15678,0,0,0,(805) 581-2822,.,Simi Valley,CA,93063,FALSE, ,256,
CARSTAR CITY AUTO BODY,PHOENIX AUTO WRECKING - 15678,0,0,0,(310) 952-4978,711.N WATSON AVE,WILMINGTON,CA,90744,FALSE, ,257,
CARSTAR SIMI VALLEY,PLATINUM AUTO TRENDS - 15678,0,0,0,(562) 229-7691,14434 Best Avenue,Santa Fe Springs,CA,90670,FALSE,Electronic,258,
CARSTAR CITY AUTO BODY,Platinum tow and transport - 15678,0,0,0,(805) 987-3345,PO Box 3410,Camarillo,CA,93011,FALSE, ,259,
CARSTAR SIMI VALLEY,PORSCHE WOODLAND HILLS - 15678,0,0,0,(818) 884-4411,21301 VENTURA BLVD.,WOODLAND HILLS,CA,91364,FALSE, ,260,
CARSTAR CITY AUTO BODY,POWERLINE BATTERY SPECIALIST - 15678,0,0,0,(805) 527-2288,4268 E LOS ANGELES AVE SUITE 101,SIMI VALLEY,CA,93063,FALSE, ,261,
CARSTAR SIMI VALLEY,Precision Dent - 15678,0,0,0,(818) 335-1964,3405 Leora St.,Simi Valley,CA,93063,FALSE, ,262,
CARSTAR CITY AUTO BODY,"Premier Autolights, Inc - 15678",0,0,0,(786) 381-8623,4995 E 10 AVE,HIALEAH,FL,33013,FALSE,Electronic,263,
CARSTAR SIMI VALLEY,PREMIER WINDOW TINTING - 15678,0,0,0,(805) 584-8468,1378 E. LOS ANGELES,SIMI VALLEY,CA,93065,FALSE, ,264,
CARSTAR CITY AUTO BODY,PRO TECH DIAGNOSTICS - 15678,0,0,0,(818) 644-1965,38713 TIERRA SUBIDA SUITE 200,PALMDALE,CA,93551,FALSE, ,265,
CARSTAR SIMI VALLEY,PUENTE HILLS - 15678,0,0,0,(626) 964-7100,17070 GALE AVE,CITY OF INDUSTRY,CA,91745,FALSE, ,266,
CARSTAR CITY AUTO BODY,Puente Hills Mazda - 15678,0,0,0,(000) 000-0000,17723 East Gale Avenue,City of Industry,CA,91748,TRUE, ,267,
CARSTAR SIMI VALLEY,QUALITY RECONDITIONING SERVICE - 15678,0,0,0,(805) 402-4995,1 b,SIMI VALLEY,CA,93065,FALSE, ,268,
CARSTAR CITY AUTO BODY,QWIK PARTS - 15678,0,0,0,(909) 889-0206,330 E SIXTH ST,SAN BERNARDINO,CA,92410,FALSE, ,269,
CARSTAR SIMI VALLEY,QWIKPARTS AUTO SALVAGE - 15678,0,0,0,(909) 889-0206,330 6TH ST,SAN BERNARDINO,CA,92410,FALSE, ,270,
CARSTAR CITY AUTO BODY,RAINBOW AUTO - 15678,0,0,0,(818) 767-0316,8917 N MORRIS,SUN VALLEY,CA,91352,FALSE, ,271,
CARSTAR SIMI VALLEY,RALLY KIA - 15678,0,0,0,(661) 274-7009,39012 CARRIAGE WAY,PALMDALE,CA,93551,FALSE, ,272,
CARSTAR CITY AUTO BODY,RANDYS TOWING - 15678,0,0,0,(818) 898-3100,16606 ROSCOE BLVD,LOS ANGELES,CA,91343,FALSE, ,273,
CARSTAR SIMI VALLEY,RealTruck.com - 15678,0,0,0,(866) 396-4855,2150 Agate Ct,Simi Valley,CA,93065,FALSE, ,274,
CARSTAR CITY AUTO BODY,RECREATIONAL EQUIPMENT INC - 15678,0,0,0,(800) 426-4840,1700 45TH STREET EAST,SUMNER,WA,98352,FALSE, ,275,
CARSTAR SIMI VALLEY,RELIANCE - 15678,0,0,0,(818) 773-8595,9536 TOPANGA CANYON BLVD,CHATSWORTH,CA,91311,FALSE, ,276,
CARSTAR CITY AUTO BODY,Rick'sUsedAutoParts - 15678,0,0,0,(814) 885-6103,724 Brandy Camp Rd.,Kersey,PA,15846,FALSE, ,277,
CARSTAR SIMI VALLEY,RITEWAY AUTO DISMANTLERS - 15678,0,0,0,(909) 350-2576,15765 ARROW BLVD,FONTANA,CA,92335,FALSE, ,278,
CARSTAR CITY AUTO BODY,ROY'S TOWING - 15678,0,0,0,(805) 498-6325,.,THOUSAND OAKS,CA,91362,FALSE, ,279,
CARSTAR SIMI VALLEY,RPW Headlamps - 15678,0,0,0,(800) 336-4028,PO BOX 125,INDIANOLA,IA,50125,FALSE,Electronic,280,
CARSTAR CITY AUTO BODY,RUSNAK - 15678,0,0,0,(805) 496-6500,.,THOUSAND OAKS,CA,91362,FALSE, ,281,
CARSTAR SIMI VALLEY,Rusnak Audi Pasadena - 15678,0,0,0,(555) 555-5555,267 W Colorado,Pasadena,CA,91105,TRUE,Electronic,282,
CARSTAR CITY AUTO BODY,RUSNAK PORSCHE - 15678,0,0,0,(805) 267-5971,3839 AUTO MALL DR.,THOUSAND OAKS,CA,91362,FALSE, ,283,
CARSTAR SIMI VALLEY,Russell Westbrook Alfa Romeo - 15678,0,0,0,(818) 926-4719,1,Van Nuys,CA,91401,FALSE, ,284,
CARSTAR CITY AUTO BODY,RUSSELL WESTBROOK HYUNDAI - 15678,0,0,0,(714) 678-2049,1271 S. AUTO CENTER DR.,ANAHEIM,CA,92806,FALSE, ,285,
CARSTAR SIMI VALLEY,RYDELL GMC - 15678,0,0,0,(866) 357-2787,18600 DEVONSHIRE ST,NORTHRIDGE,CA,91324,FALSE, ,286,
CARSTAR CITY AUTO BODY,S & S BUMPER REPAIR - 15678,0,0,0,(310) 638-0443,1437 W 16TH ST,LONG BEACH,CA,90813,FALSE, ,287,
CARSTAR SIMI VALLEY,SA TOWING - 15678,0,0,0,(818) 838-2727,4486 Runway ST,Simi Valley,CA,93063,FALSE, ,288,
CARSTAR CITY AUTO BODY,SAV ON AUTO PARTS - 15678,0,0,0,(818) 899-2228,9835 SAN FERNANDO RD,ARLETA,CA,91331,FALSE, ,289,
CARSTAR SIMI VALLEY,SCANDINAVIAN SERVICES - 15678,0,0,0,(805) 527-7314,2001 DONVILLE AVE,SIMI VALLEY,CA,93065,FALSE, ,290,
CARSTAR CITY AUTO BODY,SCHIMMICKS - 15678,0,0,0,(310) 328-7513,22704 S NORMANDIE AVE,TORRANCE,CA,90502,FALSE, ,291,
CARSTAR SIMI VALLEY,Scott Robertson Chrysler Dodge Jeep and R,0,0,0,(310) 542-0900,20900 Hawthorne Blvd,Torrance,CA,90503,FALSE, ,292,
CARSTAR CITY AUTO BODY,SCOTT ROBINSON HONDA - 15678,0,0,0,(310) 371-3521,20340 HAWTHORNE,TORRANCE,CA,90503,FALSE, ,293,
CARSTAR SIMI VALLEY,SERVICE TECH - 15678,0,0,0,(805) 526-1262,90 W EASTY STREET,SIMI VALLEY,CA,93065,FALSE, ,294,
CARSTAR CITY AUTO BODY,SHADE of TINT - 15678,0,0,0,(805) 210-5284,649 e Easy st.,Simi Valley,CA,93065,FALSE, ,295,
CARSTAR SIMI VALLEY,SHAVER AUTOMOTIVE GROUP - 15678,0,0,0,(866) 438-5337,.,THOUSAND OAKS,CA,91362,FALSE, ,296,
CARSTAR CITY AUTO BODY,Shaw Auto Parts - Team PRP - 15678,0,0,0,(208) 232-5952,1445 N. 1ST AVE.,POCATELLO,ID,83201,FALSE,Electronic,297,
CARSTAR SIMI VALLEY,shortees - 15678,0,0,0,(805) 583-9566,2150 Agate ct,Simi Valley,CA,93065,FALSE, ,298,
CARSTAR CITY AUTO BODY,SILVER STAR GMC - 15678,0,0,0,(805) 267-3200,3601 AUTO MALL DRIVE,THOUSAND OAKS,CA,91362,FALSE, ,299,
CARSTAR SIMI VALLEY,SIMI FORD - 15678,0,0,0,(805) 813-8948,2440 FIRST ST.,SIMI VALLEY,CA,93065,FALSE, ,300,
CARSTAR CITY AUTO BODY,Simi Hardware Rock & Depot - 15678,0,0,0,(805) 527-7184,711 E Los Angeles Ave,Simi Valley,CA,93065,FALSE, ,301,
CARSTAR SIMI VALLEY,SIMI VALLEY CHEVROLET - 15678,0,0,0,(805) 527-2372,1001 COCHRAN ST,SIMI VALLEY,CA,93065,FALSE, ,302,
CARSTAR CITY AUTO BODY,SIMI VALLEY CHRYSLER AND JEEP - 15678,0,0,0,(805) 581-9090,2350 FIRST ST,SIMI VALLEY,CA,93065,TRUE, ,303,
CARSTAR SIMI VALLEY,Simi Valley Toyota - 15678,0,0,0,(805) 426-6600,2380 First,Simi Valley,CA,93065,TRUE, ,304,
CARSTAR CITY AUTO BODY,Snap-On - 15678,0,0,0,(805) 432-2224,P.O. Box 940681,Simi Valley,CA,93094,FALSE, ,305,
CARSTAR SIMI VALLEY,SoCal Wrap and Tint (SWAT) - 15678,0,0,0,(805) 526-7928,4516 Runway Street Unit B,Simi Valley,CA,93063,FALSE, ,306,
CARSTAR CITY AUTO BODY,South Bay Ford Lincoln - 15678,0,0,0,(310) 706-6160,5100 W. Rosecrans Avenue,Hawthorne,CA,90250,FALSE, ,307,
CARSTAR SIMI VALLEY,SSF IMPORTED AUTO PARTS - 15678,0,0,0,(650) 742-7050,1 b,anytown,CA,99999,FALSE, ,308,
CARSTAR CITY AUTO BODY,SUBARU OF GLENDALE - 15678,0,0,0,(818) 396-3900,1308 SOUTH BRAND BLVD,GLENDALE,CA,91204,FALSE, ,309,
CARSTAR SIMI VALLEY,Subaru Sherman Oaks - 15678,0,0,0,(818) 670-7450,1,Van Nuys,CA,91401,FALSE, ,310,
CARSTAR CITY AUTO BODY,Suburban Wheel Covers - 15678,0,0,0,(805) 581-1671,2150 Agate Court,Simi Valley,CA,93065,FALSE, ,311,
CARSTAR SIMI VALLEY,Swickard Acura of Thousand Oaks - 15678,0,0,0,(805) 371-5800,3945 Auto Mall Drive,Thousand Oaks,CA,91362,FALSE,Electronic,312,
CARSTAR CITY AUTO BODY,SWINK'S TOWING - 15678,0,0,0,(805) 522-2262,4506 INDUSTRIAL ST.,SIMI VALLEY,CA,93063,FALSE, ,313,
CARSTAR SIMI VALLEY,T AND R PERFORMANCE - 15678,0,0,0,(805) 527-2712,60 W EASY ST,SIMI VALLEY,CA,93065,FALSE, ,314,
CARSTAR CITY AUTO BODY,TEAM NISSAN - 15678,0,0,0,(805) 485-8787,1801 AUTO CENTER DR.,OXNARD,CA,93031,FALSE,Electronic,315,
CARSTAR SIMI VALLEY,THE CAVE - 15678,0,0,0,(818) 912-2348,679E EAST ST UNIT G,SIMI VALLEY,CA,93065,FALSE, ,316,
CARSTAR CITY AUTO BODY,THE SOUND SHOP - 15678,0,0,0,(919) 721-7664,PO BOX 2815,CHINO,CA,91708,FALSE, ,317,
CARSTAR SIMI VALLEY,THE UPHOLSTERY ZONE INC - 15678,0,0,0,(805) 844-5356,2280 SHASTA WAY #106,SIMI VALLEY,CA,93065,FALSE, ,318,
CARSTAR CITY AUTO BODY,Thorson Buick GMC - 15678,0,0,0,(626) 795-8851,3456 E. Colorado Blvd,Pasadena,CA,91107,FALSE, ,319,
CARSTAR SIMI VALLEY,Thousand Oaks Toyota - 15678,0,0,0,(805) 497-2791,1,Thousand Oaks,CA,91362,FALSE, ,320,
CARSTAR CITY AUTO BODY,THUMBPRINT - 15678,0,0,0,(805) 527-9491,480 E EASY ST,SIMI VALLEY,CA,93065,FALSE, ,321,
CARSTAR SIMI VALLEY,TIRE PROS - 15678,0,0,0,(805) 527-3867,4386 LOS ANGELES AVE,SIMI VALLEY,CA,93063,FALSE, ,322,
CARSTAR CITY AUTO BODY,TLS Auto Recycling - 15678,0,0,0,(800) 322-5555,3811 Recyle RD,Rancho Cordova,CA,95742,FALSE, ,323,
CARSTAR SIMI VALLEY,Torklift - 15678,0,0,0,(877) 343-6933,322 Railroad Ave N.,Kent,WA,98032,FALSE, ,324,
CARSTAR CITY AUTO BODY,TOYO PARTS ONLY - 15678,0,0,0,(818) 765-0322,11540 HART ST,NORTH HOLLYWOOD,CA,91605,FALSE, ,325,
CARSTAR SIMI VALLEY,TOYOTA  OF ORLANDO - 15678,0,0,0,(407) 298-4500,3575 VINELAND ROAD,ORLANDO FLORIDA,CA,32811,FALSE, ,326,
CARSTAR CITY AUTO BODY,Toyota of Glendale - 15678,0,0,0,(818) 244-7508,1260 S. Brand Blvd,Glendale,CA,91204,FALSE, ,327,
CARSTAR SIMI VALLEY,Toyota Santa Monica - 15678,0,0,0,(310) 382-8830,1,Santa Monica,CA,90401,FALSE, ,328,
CARSTAR CITY AUTO BODY,TREBOL WHEELS & BUMPERS - 15678,0,0,0,(909) 764-9375,360 S. East End Ave #E,Pomona,CA,91766,FALSE, ,329,
CARSTAR SIMI VALLEY,TRI COUNTY AUTO DISMANTLERS - 15678,0,0,0,(805) 647-8440,950 MISSION ROCK ROAD,SANTA PAULA,CA,93060,FALSE, ,330,
CARSTAR CITY AUTO BODY,TURBO CITY DISMANTLERS - 15678,0,0,0,(323) 221-1191,554 N MISSION RD,LOS ANGELES,CA,90033,FALSE, ,331,
CARSTAR SIMI VALLEY,UHAUL - 15678,0,0,0,(805) 584-9374,1577 E LOS ANGELES AVE,SIMI VALLEY,CA,93065,FALSE, ,332,
CARSTAR CITY AUTO BODY,Universal City Nissan - 15678,0,0,0,(818) 769-8100,3550 CAHUENGA BLVD WEST,LOS ANGELES,CA,90068,FALSE, ,333,
CARSTAR SIMI VALLEY,Universal Mitsubishi - 15678,0,0,0,(626) 628-9301,1125 Central Ave,Duarte,CA,91010,FALSE, ,334,
CARSTAR CITY AUTO BODY,URO PARTS - 15678,0,0,0,(800) 290-5555,555 E. EASY STREET,SIMI,CA,93065,FALSE, ,335,
CARSTAR SIMI VALLEY,Valencia Acura - 15678,0,0,0,(818) 788-4610,23955 Creekside Road,Valencia,CA,91355,FALSE, ,336,
CARSTAR CITY AUTO BODY,VALLADARES PINSTRIPING - 15678,0,0,0,(818) 269-5336,8935 BURNET AVE,NORTH HILLS,CA,91343,FALSE, ,337,
CARSTAR SIMI VALLEY,Ventura Toyota - 15678,0,0,0,(805) 650-0510,6360 AUTO CENTER DRIVE,VENTURA,CA,93003,FALSE, ,338,
CARSTAR CITY AUTO BODY,VENTURA VOLKWAGEN - 15678,0,0,0,(805) 642-6707,6360 AUTO CENTER DRIVE,VENTURA,CA,93003,FALSE, ,339,
CARSTAR SIMI VALLEY,VICREZ BUSINESS - 15678,0,0,0,(805) 581-1671,12.156.252.42,CA,CA,91740,FALSE, ,340,
CARSTAR CITY AUTO BODY,VISTA FORD WOODLAND HILLS - 15678,0,0,0,(818) 884-7600,21501 VENTURA BLVD,WOODLAND HILLS,CA,91364,TRUE, ,341,
CARSTAR SIMI VALLEY,WALKER 400 AUTO DISMANTLING - 15678,0,0,0,(909) 463-6396,13107 WHITTRAM AVE,RANCHO CUCAMONGA,CA,91739,FALSE, ,342,
CARSTAR CITY AUTO BODY,walmart - 15678,0,0,0,(805) 581-1666,255 Cochran St,Simi Valley,CA,93065,FALSE, ,343,
CARSTAR SIMI VALLEY,"Warren Dist, Inc-Moorpark - 15678",0,0,0,(805) 658-2386,5316 KAZUKO CT,MOORPARK,CA,93021,FALSE, ,344,
CARSTAR CITY AUTO BODY,WARREN DISTRIBUTING INC - 15678,0,0,0,(805) 658-2386,8737 DICE ROAD,SANTA FE SPRINGS,CA,90670,FALSE, ,345,
CARSTAR SIMI VALLEY,WEST HILLS TOWING - 15678,0,0,0,(818) 884-0068,7333 DEERING AVE,CANOGA PARK,CA,91303,FALSE, ,346,
CARSTAR CITY AUTO BODY,WESTLAKE HYUNDAI - 15678,0,0,0,(805) 719-4384,1,THOUSAND OAKS,CA,91362,FALSE,Electronic,347,
CARSTAR SIMI VALLEY,WESTSIDE AUTOMOTIVE CENTER - 15678,0,0,0,(818) 887-7607,7252 ETON AVE,CANOGA PARK,CA,91303,FALSE, ,348,
CARSTAR CITY AUTO BODY,Wheels America - 15678,0,0,0,(713) 686-1311,4750 Sherwood Lane,Houston,TX,77092,FALSE,Electronic,349,
CARSTAR SIMI VALLEY,WOODLAND HILLS HONDA - 15678,0,0,0,(818) 887-7111,6111 TOPANGA CANYON BLVD,WOODLAND HILLS,CA,91367,TRUE, ,350,
CARSTAR CITY AUTO BODY,WOODLAND HILLS HYUNDAI - 15678,0,0,0,(818) 346-6200,20539 VENTURA BLVD,WOODLAND HILLS,CA,91364,FALSE, ,351,
CARSTAR SIMI VALLEY,WORLD DISMANTLER - 15678,0,0,0,(323) 245-7191,5228 SAN FERNANDO RD,GLENDALE,CA,91203,FALSE, ,352,
CARSTAR CITY AUTO BODY,WURTH USA INC. - 15678,0,0,0,(888) 273-1372,P.O. BOX 843948,DALLAS,TX,75284,FALSE, ,353,
